id,first_name,last_name,phone,email,city,state,taalk_market
522751,Allan,Seay,7573592765,allanseay5@gmail.com,,NC,Veteran
524676,Theresa,DeCicco,9108225125,tessdecicco1927@gmail.com,,NC,Veteran
597298,Andrew,Self,7046006161,andyself166@gmail.com,,NC,Veteran
582224,Cliffe,Chambers Jr.,+19802155855,ctrucker52@aol.com,,NC,Veteran
530398,Amber,Stanley,8284678538,Amberholland39@gmail.com,,NC,Veteran
661417,Margo,Smith,3362544991,Msmithloanifficer@icloud.com,,NC,Veteran
530399,roger,johnson,9196378993,rogerjohnsoniv@gmail.com,,NC,Veteran
656942,David,Smith,5403273511,Bhound0133@gmail.com,,NC,Veteran
530427,Diane,Maldonado,5189614417,dianeny133@gmail.com,,NC,Veteran
533110,wayne,sherrill,7046707110,wsherrill4226@gmail.com,,NC,Veteran
523359,Paulette,Carrieri,9198561748,carrierip1012@gmail.com,,NC,Veteran
654757,Ernest,Davis,9106399199,church73ed@icloud.com,,NC,Veteran
748376,Carl,Pearson,8453137703,coolcarl@ptd.net,,NC,Veteran
412821,John,White,2528644703,jw7539664@gmail.com,Greenville,NC,Veteran
822446,Leroy,Bazemore,252717905,leroybazemore3@gmail.com,,NC,Veteran
604352,Brian,Craig,3362473921,b.craig70@yahoo.com,,NC,Veteran
521780,George,Banks,2524750297,banksgeorge86@gmail.com,,NC,Veteran
524762,Donna,Frazier,8287764616,flemingdonna4616@gmail.com,,NC,Veteran
592326,Antonio,Barber,9103914176,barbereti@yahoo.com,,NC,Veteran
821034,Sue,Weber,2823997525,sweber@myglnc.com,,NC,Veteran
523400,isaac,dodds,9106913734,dimitridodds98@gmail.com,,NC,Veteran
523405,Karen,Conklin,3362003551,karenconklin643@gmail.com,,NC,Veteran
575169,Mike,Conner,+17049954943,miconr@att.net,Charlotte,NC,Veteran
737741,Milton,Halley,7047184145,milton.halley@yahoo.com,,NC,Veteran
570756,John,Hooker,9198848183,hookerjohn6@gmail.com,,NC,Veteran
552173,George,Taylor,9194389010,yoyofloppy@gmail.com,,NC,Veteran
751345,Vincent,Kirnon,3363409153,vincentkirnon866@gmail.com,,NC,Veteran
751346,Sandy,Robson,9103311380,robsonsandy@yahoo.com,,NC,Veteran
523127,Cao,Tran,3369892823,Caotranusa1@ymail.com,,NC,Veteran
692462,Stephaine,Ellison,7048854365,stephaine.ellison0920@gmail.com,,NC,Veteran
591754,Jackie,Taylor,+19254574178,jtay1@aol.com,Charlotte,NC,Veteran
591039,Dani,Greenwood,+19802217464,whateverDani@yahoo.com,Midland,NC,Veteran
852990,Polly,Milliken,9102742658,paparker06@gmail.com,,NC,Veteran
523184,Keitha,Roper,7049145808,keithasroper@gmail.com,,NC,Veteran
638114,Kerri,Jeffords,3367470964,kerrijeffords@yahoo.com,,NC,Veteran
670503,James,Wilmore,9807856500,williambranham22@gmail.com,,NC,Veteran
616852,Jesus Jesse,Torres,9199235846,torres1144@aol.com,,NC,Veteran
523514,Michelle,Overman,9194641777,Michellbias1973@gmail.com,,NC,Veteran
522437,Charles,Holloway Jr,8286618430,charleshollowayjr65@gmail.com,,NC,Veteran
523206,Gary,Baker,7067610077,gmbaker11b@gmail.com,,NC,Veteran
527628,john,rodriguez,8008375547,johnrodriguez7690@gmail.com,,NC,Veteran
521889,Anthony,Hunter,3363980479,anthonyhunte0759@gmail.com,,NC,Veteran
613082,Douglas,Caylor,9103094649,dkcaylor94@yahoo.com,,NC,Veteran
658806,SvensskMan,Olsson,8287126932,vikingcito@gmail.com,,NC,Veteran
523225,Sandra,Sprouse,8285029451,sprouse731@gmail.com,,NC,Veteran
664234,Deborah,Finch,9193331679,dfinch9760@gmail.com,,NC,Veteran
536811,art,beeler,9199869155,Afbjab@aol.com,,NC,Veteran
540198,Yonni,Taveras,9195592886,yonnitaveras@gmail.com,,NC,Veteran
411899,Dorothy,Wilkins,9107579487,jarricus@yahoo.com,Fayetteville,NC,Veteran
578623,Richard,Redditt,9802537492,rpredditt@gmail.com,,NC,Veteran
626793,Mike,Jackson,9802661678,michaelemory63@gmail.com,,NC,Veteran
597135,Larry,Miller,3364836297,killer1965miller@gmail.com,,NC,Veteran
575919,Nichole,Williams,+17047710177,nicciwilliams383@gmail.com,Nebo,NC,Veteran
673113,Cathy,White,7045961647,babynurse@gmail.com,,NC,Veteran
582210,Day,Htoo,+19199141181,paronashoffbhuk@outlook.com,Chapel Hill,NC,Veteran
751411,Loretta,Lawrence,3367222250,loretlaw2@aol.com,,NC,Veteran
577230,Elijah,Clausen,+14029833290,713clausen@gmail.com,Clayton,NC,Veteran
742676,Manuel,Green,8283320810,mannygreen289@gmail.com,,NC,Veteran
591840,JOYCE,METTERS,+13362397521,JOYJOYJM@GMAIL.COM,Lexington,NC,Veteran
523276,Shirley,McDaniel,8282898148,shirleyimcdaniel@gmail.com,,NC,Veteran
624194,Deborah,Hopkins,2526715924,hopkinsdeborah70@gmail.com,,NC,Veteran
751448,elmer,atkins,3367867934,elmer.atkins@yahoo.com,,NC,Veteran
590358,Jerry,Nelson,+13364592345,popeye403@outlook.com,Reidsville,NC,Veteran
821013,roscoe,hinton,7048539171,HINTONSANDRA83@GMAIL.COM,,NC,Veteran
584921,John,simonds,7046787646,simondsjohn@yahoo.com,,NC,Veteran
751454,Stephen,Kime,9193384220,kimestephen12@gmail.com,,NC,Veteran
622400,Alice,Rose,9192340972,alice.rose10@aol.com,,NC,Veteran
527782,James A,Hargrove,9106034593,jahjr88.jh@gmail.com,,NC,Veteran
661758,James,Swinson,3368943128,jswin203@gmail.com,,NC,Veteran
822603,Malik,Jenkins,7042819447,malik.odell.13@gmail.com,,NC,Veteran
615289,Belvin,,+17579144529,blpsw101@gmail.com,Rocky Mount,NC,Veteran
661104,Sharon,Weeden,9105085860,shayway53@yahoo.com,,NC,Veteran
625797,Everline,Wilson,9103010197,egj92650@yahoo.com,,NC,Veteran
531964,Emily,Lebel,9197350318,elebel@netzero.net,,NC,Veteran
616419,Samuel,Lippard,8287819518,boelippard1942@gmail.com,,NC,Veteran
666968,Timothy,Bason,3367831517,timbason65@gmail.com,,NC,Veteran
537187,Suzette,Burrell,9196651921,suzetteburrell91@gmail.com,,NC,Veteran
546850,Patsy.,Lunsford,7048652451,pbalunsford@bellsouth.net,,NC,Veteran
676987,Kathy,Wells,2524682288,kathy.wells40@gmail.com,,NC,Veteran
618076,William,Sutton,7044181472,pete.sutton7716@gmail.com,,NC,Veteran
665884,Bobby,Marsh,3368030567,bobbymarsh36.@gmail.com,,NC,Veteran
814923,Robert,Holmes,704651237,rholmes0826@gmail.com,,NC,Veteran
676257,Tate,Ries,9107231643,tate.s.ries@gmail.com,,NC,Veteran
536868,R0bert,Bauer,8283291216,vonbauer@att.net,,NC,Veteran
592646,Calvin,Allen,9104838062,calvinallen@gmail.com,,NC,Veteran
592665,Jerry,Bailey,3366231447,jerrybaileyjesus@yahoo.com,,NC,Veteran
592591,Patrick,Sweeney,9193778636,pcsweeney@hotmail.com,,NC,Veteran
574441,William,Bright,+17043109140,billtjr40@gmail.com,Salisbury,NC,Veteran
592810,Robert,Fulk,3365958197,cmcmimifour@aol.com,,NC,Veteran
676723,Tamara,Sadler,2522507700,tami.kruger.sadler@gmail.com,,NC,Veteran
801225,Sheryl,Joshua,3366463471,secjoshua@gmail.com,,NC,Veteran
623466,Pamela,Nunnery,9106391516,hopenunnery51@gmail.com,,NC,Veteran
676250,bob,melly,3366996031,rvmelly@aol.com,,NC,Veteran
592623,Clifford,Wood,8283460227,kenwoodcliz@gmail.com,,NC,Veteran
592827,Heather,Gibbs,9198761603,hmgibbs98@aol.com,,NC,Veteran
594744,Arthur,Epps,9107289905,leeartpin@yahoo.com,,NC,Veteran
613107,johnnie,Gunn,9108224859,proefx@hotmail.com,,NC,Veteran
592491,James,Merritt,9199298825,jimmerritt@nc.rr.com,,NC,Veteran
666165,Glenn,Hirt,910232731,l1011ata@atmc.net,,NC,Veteran
654741,Randy,Cook,7048406463,cookrandy38@gmail.com,,NC,Veteran
536882,Thomas,Griffis,9192152998,golfpro@bellsouth.net,,NC,Veteran
676200,Bobby,Harris,9198803649,harrisbobby792@gmail.commoney,,NC,Veteran
593528,Kenneth,Kerry,7042015700,kennethmrerry@hotmail.com,,NC,Veteran
593508,Larry E,Johnson,9103050865,Larry626johnson@gmail.com,,NC,Veteran
593019,Tracey,Nance,7044521802,telainen74@gmail.com,,NC,Veteran
801631,Michael,Marvels,8282803152,marvels55@bellsouth.net,,NC,Veteran
538886,Eric,Baker,2525800411,Embake148@gmail.con,,NC,Veteran
595483,Calvin,Cole,8287781001,calcovet51@gmail.com,,NC,Veteran
528038,Cynthia,Garcia-Sallis,6784880981,cgarcia_sallis@hotmail.com,,NC,Veteran
597327,JIM,SMITH,2525061122,jim.smith493@yahoo.com,,NC,Veteran
525413,Roxann,Hatfield,7655706972,roxann.hatfield@yahoo.com,,NC,Veteran
855356,Timothy,Whisonant,7046402286,timwhisonant@gmail.com,,NC,Veteran
667989,Donna,Clark,8285060844,djrayborn614@gmail.com,,NC,Veteran
919718,douglas,Moore,8286418464,dohgiedee45@gmail.com,,NC,Veteran
801369,Vitorio,Wilkinson,4845744793,vgcw77@gmail.com,,NC,Veteran
860071,Bernadette,Rock,6316879859,orbookie49@charter.net,,NC,Veteran
612787,Zipporah,Pope,9198416823,zipporahpope@gmail.com,,NC,Veteran
613740,Iohn,Poole,3335837405,johnpoole706@gmail.com,,NC,Veteran
594160,Donald,Tisenchek,8284355145,tisenchek@yahoo.com,,NC,Veteran
625903,Roger,Schumacher,9109866821,Shoe681@outlook.com,,NC,Veteran
612627,Betty,Adams,9105460347,betty_adams06@yahoo.com,,NC,Veteran
616209,Madailein,Kelley,8149696500,madaileinwhite12@gmail.com,,NC,Veteran
622576,Jerry,Thomas,9106506386,jt3738@gmail.com,,NC,Veteran
616722,David,Bibee,3363444900,Preachadave@yahoo.com,,NC,Veteran
801350,Benny,Duncan,9109183130,pollyandbennyforever@gmail.com,,NC,Veteran
622873,Bradley,Leopard,8285560305,mleopard@citcom.net,,NC,Veteran
827670,Timothy,Larson,9108270110,timothyjohnlarson@gmail.com,,NC,Veteran
524665,Jesse,Martin,3368669387,armymrtn@yahoo.com,,NC,Veteran
620265,Karin,Jones,8282424278,karin@business-wisdom.net,,NC,Veteran
801415,Paul,Edgerton,2284245469,xpedge357@msn.com,,NC,Veteran
613798,Antonio,Fraser,9107501759,fraserkin60@gmail.com,,NC,Veteran
652235,Janis,Alford,9842224494,janisalford@gmail.com,,NC,Veteran
742749,Jerry,Hicks,9103540578,jdasmoove@gmail.com,,NC,Veteran
676099,Reginald,Wright,7043027025,reginaldwright04@gmail.com,,NC,Veteran
820274,Scott,Sanders,3048398272,wvfireftr@frontiernet.net,,NC,Veteran
678220,Dennis,Derusha,9842693162,dennisderusha@yahoo.com,,NC,Veteran
618168,William,Johnson,3368379013,billjohnson6357@gmail.com,,NC,Veteran
678247,George,Robertson,2522733128,g2156704@gmail.com,,NC,Veteran
678245,Philip,Wright,7245617156,usmc6670sgt@yahoo.com,,NC,Veteran
680707,Darlene,Mychaskiw,8283751426,darlenemychaskiw93@gmail.com,,NC,Veteran
532164,Ron,Thompson,7572627073,rdthompson82@aol.com,,NC,Veteran
616554,Leonard,Lavoie,9198027281,Lennylavoie79@gmail.com,,NC,Veteran
801425,james,valentine,2528134517,cvalentine65@hotmail.com,,NC,Veteran
742714,Bobby,Newby,8503241656,newbybob32503@yahoo.com,,NC,Veteran
801538,Lois,Kinard,9192084698,nanabucky05@gmail.com,,NC,Veteran
538923,PAYNE,HARTSELL,7043403674,PAYNEHARTSELL@YAHOO.COM,,NC,Veteran
801560,David,Fleming,7044622767,dbrenda220@yahoo.com,,NC,Veteran
618634,David,Smith,7049178210,dsmith3670@gmail.com,,NC,Veteran
596578,Barry,Reid,2523256119,barryreid51@gmail.com,,NC,Veteran
801548,Ravid,Cameron,9192912527,mcamerondmz@gmail.com,,NC,Veteran
654726,Anthony,Morgan,3042905775,dragonanthony64@gmail.com,,NC,Veteran
654826,thomas,Reed,8642431716,reedcynthia9224@gmail.com,,NC,Veteran
627070,Bill,Goldman,8653231544,wgoldman88@yahoo.com,,NC,Veteran
696293,Greta,James,9196099588,gigij970@gmail.com,,NC,Veteran
696296,Richard,Delvechio,8284612945,Rmdelvechio@yahoo.com,,NC,Veteran
412265,Michael,Wilkerson,7042412980,mwwilkerson1@gmail.com,Monroe,NC,Veteran
596562,Michael,Page,9198100355,michaeldpage23@gmail.com,,NC,Veteran
525654,J,Smith,3369839714,ladyaustralia05@gmail.com,,NC,Veteran
801546,Judson,Morton,9106244519,jmjr737@aol.com,,NC,Veteran
596482,Joseph,Fuller,2528138117,josepht@gmail.com,,NC,Veteran
696424,Edward L,Hood,7046088286,Flattop@gmail.com,,NC,Veteran
849824,Ann,Carson,2513770711,ann4135@att.net,,NC,Veteran
801614,Randy,Sutton,9107971510,Dorsutton@netzero.com,,NC,Veteran
624350,betty  kay jolly,jolly,8286957245,kayjolly1948@gmail.com,,NC,Veteran
528389,Guy,Keedy,9103891768,kennedy.guy1@utook.com,,NC,Veteran
595075,Richard,Dennis,7045243530,rick1958.rd@gmail.com,,NC,Veteran
606821,micheal,well,9802671435,kngssend56721@gamil.com,,NC,Veteran
801637,LaSharon,Thomas,5805747637,Lthomasost134@hotmail.com,,NC,Veteran
620129,Gladys,Burgos,2526266820,cgladysa@gmail.com,,NC,Veteran
595593,J6,Hixon,7577146647,hixonjack1964@gmail.com,,NC,Veteran
665832,Sharon,Duncan,9105156656,sharonduncan1124@gmail.com,,NC,Veteran
530925,ned,batts,2522585227,uzomanroehr6jxwu@outlook.com,,NC,Veteran
696530,James,Gary,9803957912,chico19552006@yahoo.com,,NC,Veteran
813730,Eugene,O'Shields,8287726998,bgoshields@att.net,,NC,Veteran
801711,monique,Burton,8287950452,monique.burton5767@gmail.com,,NC,Veteran
801617,Charlie,Keys,2525582803,charliekeys54@yahoo.com,,NC,Veteran
595210,Dennis,Marks,8282443400,dennisalanmarks@gmail.com,,NC,Veteran
596860,Clara,Faison,2526736497,cjfterrapin85@gmail.com,,NC,Veteran
801669,Michelle,Balducci,8285051235,michellebalducci1964@gmail.com,,NC,Veteran
675225,Charles,Morgan,8288510786,clm13813@gmail.com,,NC,Veteran
696508,Dannie,Campbell,8285445349,peggycampbell1984@gmail.com,,NC,Veteran
521978,GLORIA,VAUGHAN,2529155847,Gvaughan513@gmail.com,,NC,Veteran
595662,Charles,Locklear,91084455263,charleslocklear9@gmail.com,,NC,Veteran
612809,Roderick,Smith,9102284609,rodericklsmithsr0826@gmail.com,,NC,Veteran
801696,Henry,Graham,7045197641,pugraham@carolina.rr.com,,NC,Veteran
678098,James,Jordan,9843095873,jamesharryjordan99@gmail.com,,NC,Veteran
616423,Sheronda,Williams-Lige,7066275306,sherondalige@gmail.com,,NC,Veteran
626290,Willie,Moore,7042990513,tony_moore@bellsouth.net,,NC,Veteran
696790,James,Danner,8287643703,jamesdanner1981@gmail.com,,NC,Veteran
696738,Leeland,Payne,9105744017,klp3539@gmail.com,,NC,Veteran
815683,Landard C.,Ulmer,9198341707,lcujr37@yahoo.com,,NC,Veteran
597034,Martha,Knowlton,8284423943,marthaknowlton@gmail.com,,NC,Veteran
845892,Alan,Kyrie,336894516,kutashipton23@gmail.com,,NC,Veteran
597475,Hattie,Williams,3365991245,hattiewms@aol.com,,NC,Veteran
678449,Rita,Teele,9849003080,greenrita4445@gmail.com,,NC,Veteran
917033,Terry,Sellers,9104992871,sellersterry999@gmail.com,,NC,Veteran
534111,Darryl,McCollum,3363248710,djmccollum1956@gmail.com,,NC,Veteran
801846,Dorothy,Baylor,2528137715,dorothykbaylor@yahoo.com,,NC,Veteran
801753,Ralph,Bryant,8283023876,sbryant5571@gmail.com,,NC,Veteran
570971,Raul,Cuevas,9102316352,raulccuevas@gmail.com,,NC,Veteran
616435,Zelda,Voncannon,7043660606,bvcannon@bellsouth.net,,NC,Veteran
801780,John,Covert,9199304077,jrcovertjr@gmail.com,,NC,Veteran
801777,Deborah,Wood,3362543546,wood-tooth@msn.com,,NC,Veteran
564205,bobbyy,robinson,9197794278,apexbobby@yahoo.com,,NC,Veteran
680522,Andetra,Sampson,9107340256,1lumbeeprincess@gmail.com,,NC,Veteran
597153,Doris,Morris,7042207855,dorrism509@gmail.com,,NC,Veteran
696719,Lonnie,Christiansen,2523365822,lchristiansen131@gmail.com,,NC,Veteran
696804,Pamela,Hauser,9809896581,pamorse64@gmail.com,,NC,Veteran
801910,Larry,Whitfield,7044920812,Ferrisweston0@gmail.com,,NC,Veteran
698266,William,Dixon,9196310679,Wd3297263@gmail.com,,NC,Veteran
801897,Anita,Humes,9106247221,msfayeya@gmail.com,,NC,Veteran
801882,Carl,Pearson,8453137703,coolcarl@ptd.net,,NC,Veteran
612694,Susan,McCoy-LaForgia,8289990063,realmccoy628@gmail.co,,NC,Veteran
568852,Wayne,Smith,7047523833,bts6265@gmail.com,,NC,Veteran
801834,Judy,Lowery,9107331752,littlebob0131@gmail.com,,NC,Veteran
801907,Craig,Perry,9103093669,witchdoc33@yahoo.com,,NC,Veteran
696781,Cynthia,Person,9105832151,lindyp4@yahoo.com,,NC,Veteran
412685,Rhonda,Williams,4042779258,rkw2728@gmail.com,null,NC,Veteran
801985,Bill,Whitehurst,7048917200,Whitehurst_w@yahoo.com,,NC,Veteran
609940,Curtis,Lyons,9196184993,curtis.lyons1@gmail.com,,NC,Veteran
677503,PATRICIA,SILVA,4806513978,iluvall7furbabies@gmail.com,,NC,Veteran
640619,Lesley,Cutliff,2408154098,lesleycutliff9@gmail.com,,NC,Veteran
668385,Sean,Reavey,9196307380,sfreavey@gmail.com,,NC,Veteran
625884,Richard,Vineyard,7046572150,richardvineyard2@gmail.com,,NC,Veteran
595107,Christopher,Francis,8284521687,chriskfrancis@gmail.com,,NC,Veteran
801832,Peter,Eimer,8286121919,pbeimer2@cloud.com,,NC,Veteran
801926,Maynard,Blair,9108805876,Carrollblair@gmail.com,,NC,Veteran
801865,Bobby,Houston,2529394576,bdhouston@hotmail.com,,NC,Veteran
667148,Michael,Sheppard,7049098118,mikeseabee202@gmail.com,,NC,Veteran
597060,JAMES,LEAK,9106333192,smokeleak@hotmail.com,,NC,Veteran
692474,Billy,Priest,9106052351,priestbillyd@gmail.com,,NC,Veteran
801937,Danielle,McCoyTillery,4344267446,Bigmamalioness@gmail.com,,NC,Veteran
919789,Thomas,Sumpter,9194518244,sump2468@yahoo.com,,NC,Veteran
696888,Veronica,Kitzmiller,9105454994,vpkitzmiller2021@gmail.com,,NC,Veteran
802035,Mike,Spence,9199225799,michaelspence1313@yahoo.com,,NC,Veteran
689768,William Billy,Hooper,7042423932,billhoop62@gmail.com,,NC,Veteran
620556,Steve,rakauckas,2544225007,rakauckas12@gmail.com,,NC,Veteran
595690,Michael,McCollum,7043513550,dreamvette50@aol.com,,NC,Veteran
411992,renee,Wilkie,8586852713,reneehyderwilkie@gmail.com,Hendersonville,NC,Veteran
801905,JAMES,TRENT,3364278762,nanaw4@yahoo.com,,NC,Veteran
676959,John,Lomick,9095360382,jjlomick@gmail.com,,NC,Veteran
680667,Elaine,Jenkins Spivey,9197739909,elainej.spivey@msn.com,,NC,Veteran
697508,Michael,Mendez,9196492195,mike.mendez2025@gmail.com,,NC,Veteran
638433,Mr. Hubert E.,Boyd Jr.,9196731261,mr.hubertboyd@gmail.com,,NC,Veteran
802160,Gloria B,Mckeever,2252523850,glorblackled11@gmail.com,,NC,Veteran
547968,Amy,Bearden,7045286254,amy.bearden@yahoo.com,,NC,Veteran
565351,richard,snyder,3369188263,rnsvs@att.net,,NC,Veteran
677563,Donna,Macauley,3363093414,donnamacauley5@gmail.com,,NC,Veteran
802060,Stuart,Collick,9106704347,collickstuart7@gmail.com,,NC,Veteran
802188,Diane,Sawyer,2525623047,dianesawyer55@gmail.com,,NC,Veteran
802161,Brenda,Britt,2529171044,brittbrenda419@gmail.com,,NC,Veteran
802092,Robert,Minton,2523336259,robertminton16@gmail.com,,NC,Veteran
604724,Clyde,Ireland,3363997397,Baldid@aol.com,,NC,Veteran
526069,Wesley,Blackwell,3362629582,Wesley.blackwell81@gmail.com,,NC,Veteran
802061,Maury A.,Williams,7046891394,mauryawilliams@yahoo.com,,NC,Veteran
802093,Phyllis,Gumm,3362148410,phyllisgumm@bellsouth.net,,NC,Veteran
595193,Debra,Lewis,9196411920,dal3335@msn.com,,NC,Veteran
802091,Judy,Moore,4124279631,jamoore1113@yahoo.com,,NC,Veteran
802094,christopher,Cook,3047312722,scott.cook@mountbethelbaptist.com,,NC,Veteran
802099,Kristy,Huffman,7048421679,huffmankristy13@gmail.com,,NC,Veteran
802175,Joseph,Merrifield,9192281202,joe.merrifield@gmail.com,,NC,Veteran
680104,Nolan,Saunders,9194171311,nolans7555@gmail.com,,NC,Veteran
802134,David,Baker,3369045234,dabaker12@gmail.com,,NC,Veteran
677014,Lorraine,Jones,3362092437,elb4jones21@gmail.com,,NC,Veteran
802142,Ivelisse,Cordero,9107095539,ivelissev31@aol.com,,NC,Veteran
802106,Jennine,Kearney-LeDuc,5188137653,julietkilo79@yahoo.com,,NC,Veteran
802179,Leonard,Olmsead,9109350609,meatman73064@gmail.com,,NC,Veteran
691643,Frank,Measamer,2527174559,frank@viillagepharmacync.net,,NC,Veteran
613035,Thomas,Myers,9195037294,buccofantom@gmail.com,,NC,Veteran
679459,Pat,Stip,8635581589,patstip@gmail.con,,NC,Veteran
802162,Lonnie,Matteson,8282283515,lon632002@gmail.com,,NC,Veteran
625585,bryan,Chisholm,7049633396,bryanchisholm344@gmail.comg,,NC,Veteran
802205,Brittany,Goddard,8503828759,brittanygoddard692@gmail.com,,NC,Veteran
690354,Bill,Bainbridge,9192000148,wtbainbridg@ail.com,,NC,Veteran
811364,Robert,Bynum,2524525995,raprevrap@yahoo.com,,NC,Veteran
681290,Sherrie,Rivera,8454648607,hollywood.913@gmail.com,,NC,Veteran
534182,Becky,Wilson,9802494816,beckyb4045@gmail.com,,NC,Veteran
616880,Georgette,Galey,9104313635,ggaley28@gmail.com,,NC,Veteran
679815,Stacy,Thornhill,4722069249,bulldogmom1961@gmail.com,,NC,Veteran
694441,Brian,Rendon,9106991571,whiteoakmedic@gmail.com,,NC,Veteran
631204,JAMES,GREGG,9802239640,jmsrick@hotmail.com,,NC,Veteran
694513,Jim,Ware,7044081047,jimw248@gmail.com,,NC,Veteran
537265,John,Richardson,9107453050,john76404@gmail.com,,NC,Veteran
802195,Bobby,Pratt Jr.,9105515131,bobbyprattjr9@gmail.com,,NC,Veteran
595984,Jake,Cortez,2525480105,jakecortez40@gmail.com,,NC,Veteran
616697,William,Winn,4132377535,1wkwjr@gmail.com,,NC,Veteran
596539,Rufus,Miller,4722576267,eugenemillerjr67@gmail.com,,NC,Veteran
411312,Christine,Elliot,3606323073,christine.elliot43@gmail.com,New Bern,NC,Veteran
680875,Donna,Mccall,3367072701,donnaqberry@gmail.com,,NC,Veteran
616401,MICHAEL,CENEDELLA,9106338755,michaelcenedella@yahoo.com,,NC,Veteran
634460,Charles,Haag,7045305044,chaag46@icloud.com,,NC,Veteran
847140,Bryce,West,3366866012,Bnhuntoon@gmail.com,,NC,Veteran
613418,Lib,Watson,9192225885,ewatson001@nc.rr.com,,NC,Veteran
532672,Marty,NIELSEN,7049366693,mty7ne@gmail.com,,NC,Veteran
638309,Jessie,Pereira-Leonard,9105541168,pereiraleonard4@gmail.com,,NC,Veteran
574311,Christopher,Cagle,+19106618821,christophermarkcagle5@gmail.com,Rockingham,NC,Veteran
614273,Tiffany,Silvester,2523252005,tiffsilvester5@gmail.com,,NC,Veteran
619039,John,Briggs,4349812984,jpbriggshsd@earthlink.net,,NC,Veteran
613404,Gene,Pavone,9106202070,gene.pavone@yahoo.com,,NC,Veteran
678704,Debbie,Georges,9102140781,debbiegeorges1959@gmail.com,,NC,Veteran
676687,Stacey,Fahr,9107122903,fahrstacey@gmail.com,,NC,Veteran
678818,Sandra,Owens,9106393223,sandra.owens812@gmail.com,,NC,Veteran
824642,Donald,Simmons,3368842091,sfc336@gmail.com,,NC,Veteran
676182,Austin,Holloway,2524304740,shadow.dcf@gmail.com,,NC,Veteran
697486,Robert,Sperry,7705194203,rsperry_817@msn.com,,NC,Veteran
697858,Nicole Barnard Barnard,Nicole Barnard Barnard,2547184619,superdbamom@gmail.com,,NC,Veteran
697500,Robert,Blackwell,8432228426,bobcblackwell@gmail.com,,NC,Veteran
610694,Mason,Stevenson jr,7042022397,stevensonmason287@gmail.com,,NC,Veteran
613050,Charlotte,Twyman,9194753026,charlotte.twyman@yahoo.com,,NC,Veteran
522265,Avona,Curry,5182567003,avona3021@gmail.com,,NC,Veteran
574408,Jan,cassio,+19193029779,erdamal@gmail.com,Lillington,NC,Veteran
677816,Major,Wilson,9806435553,wilsonm2983@gmail.com,,NC,Veteran
614204,Kenneth,Piner,2524192209,kennethpiner@gmail.com,,NC,Veteran
686797,Coreen,Santiano,9199306138,coreenmarie57@gmail.com,,NC,Veteran
697670,Jeffrey,Mckinney,8282317869,jeffmckinney2@gmail.com,,NC,Veteran
611120,William,Grigg,7046497071,billyvmi81@nsn.com,,NC,Veteran
691332,Felicia,Hale,9843039340,fhale1551@gmail.com,,NC,Veteran
812504,David,Chambley,9197502567,chsmbchambley1@gmail.com,,NC,Veteran
861872,Dianne,tilley,7045168937,nanangell@msn.com,,NC,Veteran
658739,Lawrence,Madison,9102646403,lawmad56@hotmail.com,,NC,Veteran
697867,Lawrence E,jones,9034139529,larrydro@yahoo.com,,NC,Veteran
697775,MARIO,PULEO,3369494641,harleyfxd97@aol.com,,NC,Veteran
532838,Wanda,Burgess,9109951126,Wrburgess0506@icloud.com,,NC,Veteran
693719,gary,STACK,9803283702,gastack51@gmail.com,,NC,Veteran
625951,Luis,Lopez,7874092134,lrl_555@yahoo.com,,NC,Veteran
678120,Eric,Sammons,7049899470,Eksammons63@gmail.com,,NC,Veteran
802695,Edmond,Hoskins,2526192489,jimmyhoskins245@gmail.com,,NC,Veteran
609275,Jesse,Baysden,9105743809,jesse.baysden47@gmail.com,,NC,Veteran
697742,Darren,Anderson,4434163207,dren26@gmail.com,,NC,Veteran
822780,FLORENCE,Horne Gary,9108186294,sewbake12@gmail.com,,NC,Veteran
537417,Terry,Lee,9102078203,terrylee432013@gmail.com,,NC,Veteran
616345,brad,duncan,2523169578,bradleeduncan31@gmail.com,,NC,Veteran
842643,Michala,Chandler,980501282,rigginslatrondria@gmail.com,,NC,Veteran
674384,Michael,Thomas,9194289278,michaeluthomas@yahoo.com,,NC,Veteran
674564,Davant,BRYANT,7047805528,kennelmaster6@gmail.com,,NC,Veteran
636164,Roger,Karpuk,9102573655,roger.karpuk@gmail.com,,NC,Veteran
411193,David,Doddridge,9103892238,Gunnyd19@gmail.com,Jacksonville,NC,Veteran
690786,Elaine,Oneal,3367829707,iriseoneal@gmail.com,,NC,Veteran
626315,Sandra,holmes,9103912863,holmessandy007@gmail.com,,NC,Veteran
680103,Nikki,Jones,9103816231,nik9jon@yahoo.com,,NC,Veteran
614594,Willard,Mcdowell,9105512384,mac6181@icloud.com,,NC,Veteran
537468,Jeff,Gray,2396779126,bionicjeff31@aol.com,,NC,Veteran
608277,Jamie,Cincotta,3366876087,ladyboss27407@icloud.com,,NC,Veteran
697978,Susan,Beasley,2524691698,snoochquigley@gmail.com,,NC,Veteran
609094,Monifa,Gethers,9192643805,Getowski1@gmail.com,,NC,Veteran
526519,Jonathan,Belton,9802502335,noblejbelton@gmail.com,,NC,Veteran
412275,Seasee,Williams,7042208794,seaseewilliams1@gmail.com,Cleveland,NC,Veteran
552977,Donald,Ray,3363016153,daray0070@gmail.com,,NC,Veteran
616143,Johnnie,Cole,9843353828,colej9522@gmail.com,,NC,Veteran
526524,Robert,Myers,9105208258,Rmyers533@gmail.com,,NC,Veteran
412431,LeRoy,Watkins,5806030169,leroywatkins@yahoo.com,Wilkesboro,NC,Veteran
532890,Ardath,Cullom,9806223933,ardathcullom@gmail.com,,NC,Veteran
865830,Gerald,Dycha,7167683951,geralddycha@gmail.com,,NC,Veteran
558069,Daniel,Meetze,2529174944,dmet36@gmail.com,,NC,Veteran
802748,William,Scott,9106649186,bigred8294@gmail.com,,NC,Veteran
411247,Kevin,Little,3366892829,Kfitness32@yahoo.com,WINSTON-SALEM,NC,Veteran
697836,Kyperoo,Gore,4722551072,bigrooroo1988@gmail.com,,NC,Veteran
609798,Stephen,Westbrook,9197935241,stevewestbrook1@yahoo.com,,NC,Veteran
843496,Jhon,Theo,2238562320,JhonTheo@gmail.com,,NC,Veteran
635906,HILDEGARD,TROUT,9104243078,rtrout3@nc.rr.com,,NC,Veteran
680517,Destayech,Rivers,9802100473,Snazzygurl4eva@gmail.com,,NC,Veteran
698316,Brain,Buchanan,7047968560,brian.buchanan@hotmail.com,,NC,Veteran
596869,Edwin,Floyd,9194678289,edwin1976@gmail.com,,NC,Veteran
534390,Brandon,Kline,3366901988,bkline0624@gmail.com,,NC,Veteran
411119,Roger,Winkler,2487623044,winkbravo@yahoo.com,Graham,NC,Veteran
698036,CHERYL,BADORRER,8143271657,,,NC,Veteran
526605,wayne,Cardwell,3333834181,chankins@bcm.com,,NC,Veteran
640750,Terry,Featherstone,9802415077,gfeather5dogs@gmail.com,,NC,Veteran
691796,JERRY,Daniel,3368407977,JerrodD2001@Yahoo.comartsey,,NC,Veteran
596598,Mary,Slaten,8284174781,slatenmary330@gmail.com,,NC,Veteran
679316,Kenny,Williams,4704068294,willcan30338@yahoo.com,,NC,Veteran
552897,Robert,Curtis,5049756153,bob-curtis@msn.com,,NC,Veteran
594099,Kenneth,Peterman,8283011916,kenpeterman26@gmail.com,,NC,Veteran
698273,Ronald,Eurquhart,9842271548,reurquhart@gmail.com,,NC,Veteran
531771,robert,cerwin,9196141872,racerwinmd@gmail.com,,NC,Veteran
532958,Solomon,Jones,9103588128,sauljones56@gmail.com,,NC,Veteran
595291,Ramon,Rodriguez,9105267956,carmelito1952.arr@gmail.com,,NC,Veteran
623012,Amy,Gillette,7248402350,cowgirlupabb@yahoo.com,,NC,Veteran
622598,Ronald,Smith,2526735399,ronald1948@charter.netSue,,NC,Veteran
583297,Donald,Staton,+17194825239,alwaysbaritone@gmail.com,Fuquay Varina,NC,Veteran
625452,Nathan,Eastwood,3365890334,eastwoodnathan64@gmail.com,,NC,Veteran
826445,john,schumacher sr,2522075146,joann6983@gmail.com,,NC,Veteran
624276,Jeff,Mothder,7047561278,cptamerica@reagan.com,,NC,Veteran
621803,Rose,Mashburn,8284214245,rosemashburn@frontier.com,,NC,Veteran
757678,Tommy,Vinston,2522413695,tommyvinston@gmail.com,,NC,Veteran
608747,kenneth,groch,7327422653,kenny08840@hotmail.com,,NC,Veteran
633529,Dan,Moore,7045167846,dintymoore.k@gmail.com,,NC,Veteran
696098,Karen,Yap,6145371949,kyap65@yahoo.com,,NC,Veteran
589331,Don,Dunnivan,3364090730,mistydunnivan@gmail.com,,NC,Veteran
608756,Percy,Girley,9103814304,pegirley@hotmail.com,,NC,Veteran
410590,Michael L,Mack,3363279254,mcdada452@gmail.com,Jamestown,NC,Veteran
537970,Philip,Leonard,8438722925,leonard713@gmail.com,,NC,Veteran
851277,Wilfred,Metcalf,8287682066,ronniew243@outlook.com,,NC,Veteran
610824,Jason,Brady,9197959999,jason_brady2773@yahoo.com,,NC,Veteran
695887,Karen,Gibbons,9108187166,k.gibbons103@gmail.com,,NC,Veteran
824617,Harry,Cook,9198729324,harryfcook@aol.com,,NC,Veteran
811304,Donna,Prinz-Hamontree,9102649553,dhmontree4664@gmail.com,,NC,Veteran
697780,Larry,Harkleroad,7045786456,larryharkleroad2@aol.com,,NC,Veteran
594899,Henry,Patterson,9199283479,hpatte084@gmail.com,,NC,Veteran
539390,george,hale,3216160892,halegeorge51@yahoo.com,,NC,Veteran
605322,debra,small,9103394263,debrasmall43@hotmall.com,,NC,Veteran
696066,Joseph,McLaurin,5712641389,jemclaurin20@gmail.com,,NC,Veteran
630021,Rein,Faith,3365546240,boatcharity08@gmail.com,,NC,Veteran
826551,ruchard,parmley,6463913457,rparmley@att.net,,NC,Veteran
597078,Richard,Lowe,9199698272,rlowedlowe@bellsouth.net,,NC,Veteran
697502,John,Mckinney,8282891048,4747johnh@gmail.com,,NC,Veteran
919825,Donna,Swain,2522166305,bonnietrout7373@gmail.com,,NC,Veteran
919826,Lyell,kent,7049854611,e.kent59@yahoo.com,,NC,Veteran
696452,Roddie,Worthington,2523736715,roddieworthington@gmail.com,,NC,Veteran
554593,Gregory,Chacos,9197927804,gregchacos@gmail.com,,NC,Veteran
696821,Lorenzo,Harris Sr,9103915426,harrissrlorenzo@gmail.com,,NC,Veteran
671770,Billy,Ledford Jr.,3363259230,billyled60@gmail.com,,NC,Veteran
646891,Barbara,Anderson,8284688388,andersonbarbara533@gmail.com,,NC,Veteran
523308,Marsia,Butler,3366554074,GrammieB4@yahoo.com,,NC,Veteran
618054,David,Meier,3363810227,Polman@rtmc.net,,NC,Veteran
697511,Ronnie,Blount,2527991587,ronlady1999@gmail.com,,NC,Veteran
613060,Gonzales,Johnson,9846898514,johnsonlgonzales@gmail.com,,NC,Veteran
638291,Mike,Irok,2527028868,Mnairborne83@gmail.com,,NC,Veteran
631692,Billy,Cunningham Jr,9192827249,billybobnc54@gmail.com,,NC,Veteran
633572,Richard W,Jones,3368936831,sion032845@gmail.com,,NC,Veteran
678947,Veronica,Garrett,9195930003,Vgarre011@gmail.com,,NC,Veteran
611498,Sharon,Lundy,9803189786,lalundy411@yahoo.com,,NC,Veteran
581665,Brenda,Whitted,2526782594,winfay301@yahoo.com,Raleigh,NC,Veteran
553046,Heidi,Lehr,3364706586,slimtoo7071@gmail.com,,NC,Veteran
596394,Thomas,Williams,9199389289,thomaswilliams19731973@hotmail.com,,NC,Veteran
593387,Wayne,Edwards,2523452142,rwedwards10@gmail.com,,NC,Veteran
578315,Angela,Crowder,9197935805,acrowder33@aol.com,,NC,Veteran
865467,Debra A,Turner,2525786649,debraturner633@gmail.com,,NC,Veteran
543094,Margaret,McCora,7042022330,mommawolf1969@live.com,,NC,Veteran
586010,Vance,Hicks,3364086105,veh1949@yahoo.com,Winston Salem,NC,Veteran
558366,Mary Ruth,Hawkins,3363060287,mhawkins11@triad.rr.com,,NC,Veteran
543369,James,Smallwood,2529469233,jsmallwoodw@aol.com,,NC,Veteran
586161,Samuel,Wood,3318147279,thomaojanansr1vi@hotmail.com,Louisburg,NC,Veteran
616520,Joseph,Toney,8282449495,toneyr@hotmail.com,,NC,Veteran
581700,William,Thomas,4347383012,broman240sxy@gmail.com,Charlotte,NC,Veteran
566893,Tickeshia,Walton,9803850952,keiweiwalt@gmail.com,,NC,Veteran
588912,Penny,Roland,3362146913,pennyrolansd660@gmail.com,Winston Salem,NC,Veteran
553297,Allen,Nuttall,3367983584,nuttallallen@yahoo.com,,NC,Veteran
591844,Rich,Salyards,3368806262,Mrwhipple5@aol.com,Jamestown,NC,Veteran
608784,tonie,Hood,8032885737,WCHARLOTTE@GLPETRO.COM,,NC,Veteran
549337,Josephus,Thompson,9102734125,jthompson205@nc.rr.com,,NC,Veteran
574027,Andy,Demianenko,+19196219656,andy88demianenko@gmail.com,Morrisville,NC,Veteran
608499,William G,Wallace,8285083664,williamgwallace1949@outlook.com,,NC,Veteran
606900,Alina,Doyle,3524284830,alinajdoyle@gmail.com,,NC,Veteran
623112,Sheila,Hall-Miller,6093258665,blessedrisa@aol.com,,NC,Veteran
581888,Leo,Smith,+17046487220,leosmith1958@yahoo.com,Rutherfordton,NC,Veteran
410999,Fayetta,Smith,9196047528,smithfs@aol.com,Wilmington,NC,Veteran
611777,Ronald,Atkins,7042523298,rlatkins569@gmail.com,,NC,Veteran
546079,Rhiannon,Kelly,9198688282,rhiannon.kelly@bellsouth.net,,NC,Veteran
554546,Don,Legun,3365147629,don@mysideofdepression.com,,NC,Veteran
593506,Ashley,Johnson,9104766370,simartin@gmail.com,,NC,Veteran
677600,Nikola,Sandell,6234519071,sandellnikola@gmail.com,,NC,Veteran
647680,Edwin T.,Marshall,9197345158,ehawley01@aol.com,,NC,Veteran
640706,Billy,Murphy,2526753441,bdmurphy52@gmail.com,,NC,Veteran
919854,John,Owens,4103717003,john.t.owensii@gmail.com,,NC,Veteran
612120,Carolyn,Norris,9102739638,penniladi05@gmail.com,,NC,Veteran
550639,Kathy,White,7575153390,ryanshope00312@gmail.com,,NC,Veteran
556091,MIchael,Hutchinson,7049054994,mshutch@mac.com,,NC,Veteran
614636,johnnie,faison,3362925230,jfaison136@gmail.com,,NC,Veteran
593135,Gary,Swink,8289803885,garyswink@gmail.com,,NC,Veteran
621916,Schyrone,White,9193765057,schyronetierrick@gmail.com,,NC,Veteran
624328,Kirk,Jordan,6189778549,jor1975@aol.com,,NC,Veteran
713579,Dawn,Thomas,3368809621,Dawnre78@icloud.com,,NC,Veteran
619326,Charles,Williams,3364052496,Pu8hie139@gmail.com,,NC,Veteran
688835,Ron,Tyler,6197553736,rltnspdema@gmail.com,,NC,Veteran
596047,Anthony,Fussell,9195615624,aefusl910@yahoo.com,,NC,Veteran
619493,Lindsay,Mulligan,7046041257,Lindsaylilligan@gmail.com,,NC,Veteran
826741,Juanita,Wilson,9104942823,jwilson6665@gmail.com,Fayetteville,NC,Veteran
612218,Joan,Richardson,9199430878,joanr194@gmail.com,,NC,Veteran
574580,Loretta,Parson Chinn,+12523660119,lorettachinn06@gmail.com,Rocky Mount,NC,Veteran
711451,Timothy,Sinclair,9108647417,Timsinclair@yahoo.com,,NC,Veteran
557614,Keith,Blunt,3368696688,bluntkeith81@gmail.com,,NC,Veteran
534868,Jonothan,Brown,2523155694,dillionsdad1@gmail.com,,NC,Veteran
635884,Barbara,Briley,9107038378,pastorbbriley@gmail.com,,NC,Veteran
642862,Wayne,Offenbacker,3093108762,offytwo@netscape.net,,NC,Veteran
713580,Barbara,Hill-Nobles,9106414107,noblesbarbra1@gmail.com,,NC,Veteran
534898,Tony,Kirkland Sr.,8284361934,kirklandsrtony87@gmail.com,,NC,Veteran
702167,Karen,Figler Chastain,7046747611,Ckarenk66@yahoo.com,,NC,Veteran
702190,John,Glast,9195226438,johnglast709@yahoo.com,,NC,Veteran
619947,Donald,Anthony,8285445161,merchandiser@hotmail.com,,NC,Veteran
920997,Johnnie,Brown,9843255809,f0xxy51@yahoo.com,,NC,Veteran
626122,David,Futrell,2527250280,davidfutrell2024@yahoo.com,,NC,Veteran
613694,Hakeem,Little,9107761423,littlehakeem5@gmail.com,,NC,Veteran
556122,Rosa,Collins,9102373822,rosacollins43@gmail.com,,NC,Veteran
826783,theodore,blackwelder,4057885031,bornfree5333@gmail.com,,NC,Veteran
683647,Douglas,Roell,9096849192,dougroell@gmail.com,,NC,Veteran
713582,Ernest,Simmons,5712396118,ernestsim66@gmail.com,,NC,Veteran
620701,Vincent,Coscia,7049073163,vacoscia@aol.com,,NC,Veteran
619259,Thurman,Brooks,9107044146,thurmanbrooks1970@gmail.com,,NC,Veteran
538504,Joseph,Martiniz,7046617408,martinijoseph734@gmail.com,,NC,Veteran
412205,Marilynn,Walker-Blaine,7326747910,carolinaqualiybuild@gmail.com,Jacksonville,NC,Veteran
704689,Ronnie,Minchey,3362077992,mincheyron@gmail.com,,NC,Veteran
625489,Brenda,Feutz,9105469038,brenfeutz1@yahoo.com,,NC,Veteran
704906,Hugh,Walker,3365160137,Whugh6767@gmail.com,,NC,Veteran
625485,Dale,Krebsbach,8289633052,mountaindale34@outlook.com,,NC,Veteran
636115,Amanda,Mincolla,3862640226,rufflessons@gmail.com,,NC,Veteran
713681,Anthony,Sturdivant,5188585318,luda4103@aol.com,,NC,Veteran
638603,George,Filyaw,3362232924,gfilyaw@triad.rr.com,,NC,Veteran
704299,Russell,Hunsinger,5707725664,dothun@yahoo.com,,NC,Veteran
623141,Takisha,Hayes,3365581973,stevenhayes94@yahoo.com,,NC,Veteran
624088,Dawn,Pruitt,3366437455,dawnpruitt4@gmail.com,,NC,Veteran
704945,Bambi,Hayward,9109166346,bambi.hayward@yahoo.com,,NC,Veteran
704392,florencemorris339@gmail.com,florencemorris339@gmail.com,2526700662,florencemorris339@gmail.com,,NC,Veteran
625561,Brad,Turner,2526264964,ptsdir@yahoo.com,,NC,Veteran
704300,Nomie,Whitmer,9104940268,nomiewhitmer@gmail.com,,NC,Veteran
571876,Katishia,Schultz,+13368292045,skatishia@gmail.com,Kannapolis,NC,Veteran
412040,Larry,Vickers,8287486510,larryvickers92@gmail.com,Rutherfordton,NC,Veteran
633482,Larry,Stewart,8284895595,stewbru53@yahoo.com,,NC,Veteran
704856,Howard,Alston,3363270489,1044atlast@gmail.com,,NC,Veteran
704735,Jessica,Garner,2524063565,jpgarner0786@gmail.com,,NC,Veteran
411064,Shawn,Enders,8599185057,sweetstuffabc@yahoo.com,Charlotte,NC,Veteran
657166,Bill,Rogers,9102426605,billr1770@gmail.com,,NC,Veteran
844648,Lashika,Jones,2529048150,lashikashenaye@gmail.com,,NC,Veteran
539947,Jane,Hollanduu up,7043091414,sissy5770@yahoo.com,,NC,Veteran
666088,David,Green,7703183289,greenunc1@mindspring.com,,NC,Veteran
704851,Sandra,Gaskins,7035657579,sfhillmoore@yahoo.com,,NC,Veteran
571870,Talia,Toon,+19109189879,talia_toon@yahoo.com,Whiteville,NC,Veteran
411439,Don,Ellis,3369260744,002dellis@gmail.com,WINSTON-SALEM,NC,Veteran
574715,William,,+19104017260,Papaquinn@gmail.com,Fayetteville,NC,Veteran
753107,Morris,Young Sr.,8285825762,yomosr@citcom.net,,NC,Veteran
571901,Wallace,Banks,+12524550821,ruthannwarren53@gmail.com,Elizabeth City,NC,Veteran
626742,GABRIEL,Rodriguez,3364596281,grfsd55@yahoo.com,,NC,Veteran
705741,Faye,Hall,9109907810,fayefall0607@gmail.com,,NC,Veteran
626789,Krystal,reyes,2037273297,myturtle06@gmail.com,,NC,Veteran
619320,Milford,Milford,9197915700,milfordsmith460@gmail.com,,NC,Veteran
667197,Dwayne,Medlin,9194557078,icuffem@gmail.com,,NC,Veteran
540943,Barbara,Falbo,3056683813,bymedtran@aol.com,,NC,Veteran
865805,Nichole,Noles,8284561471,nmnoles@gmail.com,,NC,Veteran
571971,Mike,Coble,+13363809065,mcoble143@gmail.com,Graham,NC,Veteran
571968,Aaron Lawrence,Garner,+13364602256,aaronlawrence101@gmail.com,Franklinville,NC,Veteran
571991,Sydney,Abrams-Joyner,+14129276706,abramssydney47@gmail.com,Rocky Mount,NC,Veteran
620117,Sonya,Gladden,3362670359,sonyagladden325@gmail.com,,NC,Veteran
572025,James,Choate,+14842263466,jimchoate61@gmail.com,Fayetteville,NC,Veteran
832801,mary,johnson,4712918924,maryleeokla62@gmail.com,,NC,Veteran
626962,Joseph,Whitfield,2526314317,josephwhitfiels9@iclould.com,,NC,Veteran
556543,Mary,Goode,3368835555,goodemary051@gmail.com,,NC,Veteran
546423,Randy G,Allman,7044450874,randge77@gmail.com,,NC,Veteran
572076,Tammy,Corey,+19107230198,tammyjcorey@gmail.com,Fayetteville,NC,Veteran
709425,Sandra,Toole,9105791139,barefoottarheel@gmail.com,,NC,Veteran
709339,David,Dozier,9103334149,bond789t@gmail.com,,NC,Veteran
619110,Cheryl,Poteat,3362073275,ssgtcheryl@gmail.com,,NC,Veteran
412261,Bonnie,West,7047475593,bonnie.west28@yahoo.com,Jacksonville,NC,Veteran
709246,TIMOTHY,DANAHEED,2022883994,,,NC,Veteran
668244,Walter,Garman,7575136546,Rhondagarman98@gmail.com,,NC,Veteran
412267,cynthia,Wilson,7042407104,cb744382@gmail.com,Stanfield,NC,Veteran
537544,Kevin,Paxtons,8282737179,roxyann2025@icloud.com,,NC,Veteran
411896,Krystal,Vesely,9106853504,hott.gurl21@gmail.com,Council,NC,Veteran
708747,Terry,Todd,2527241206,tbtodd@gmail.com,,NC,Veteran
539520,David,Hicks,8286392207,jaxsonndaddy@gmail.com,,NC,Veteran
616050,Billy,Priest,9106052351,priestb4@gmail.com,,NC,Veteran
411145,Shirley,Culler,7042412265,puddingpie57@yahoo.com,Harmony,NC,Veteran
709029,Larry,James,3362604348,lj2498581@gmail.com,,NC,Veteran
709825,Brenda,Mitchell,3362669368,mitchellbrenda1952@gmail.com,,NC,Veteran
535240,David,Smith,3362409419,dorissmith1119@gmail.com,,NC,Veteran
575123,Stanley,Martin Sr.,+13369448063,stanleydmartinsr@outlook.com,Greensboro,NC,Veteran
622312,Pamla,Morgan,8439257919,wifegremor83@gmail.com,,NC,Veteran
572206,Walter,Underwood,+12523676716,wgunderwood@gmail.com,Greenville,NC,Veteran
572259,Sam,E,+18434197828,funinfun@gmail.com,,NC,Veteran
572231,Nakia,Locklear,+19105069988,nakialocklear@yahoo.com,Laurinburg,NC,Veteran
535273,Tim,Chase,2525607451,tchase@nccumc.org,,NC,Veteran
535267,Efrain,Hernandez,9103749582,hernandezefrainf@gmail.com,,NC,Veteran
708972,CLEAVE,CARR JR,9082953057,EVE2456@GMAIL.COM,,NC,Veteran
554888,JC,McGoogan,9108820205,jmcgoogan43@gmail.com,,NC,Veteran
573988,James,Caudill,+18283331719,comanchedoc5@gmail.com,Fletcher,NC,Veteran
541724,Michael,Christian,9103167269,michael0661.mc@gmail.com,,NC,Veteran
555100,Nancy,Joyner,2523633643,mimi.nc08@gmail.com,,NC,Veteran
667499,Joe,Wood,7046067171,joewood191@gmail.com,,NC,Veteran
542922,dale,lundy,6027910470,watjeeiras01@outlook.com,,NC,Veteran
589139,Terry,Rudnik,+19105144012,sesr@charter.net,Lillington,NC,Veteran
664211,Yolanda,Spence,8572879283,yolandaspence724@gmail.com,,NC,Veteran
572290,Charles,Rademaker,+12525362031,chrademaker1949@gmail.com,Roanoke Rapids,NC,Veteran
627457,Tanya,Kent,8282668703,tanyamkent@gmail.com,,NC,Veteran
661143,Demetrius,Wharton,7573925656,dwhartonsr81@gmail.com,,NC,Veteran
708962,ELWIN,RAPP,2522642110,,,NC,Veteran
709751,HAL,HARLESS,3364062130,HARLESSH@GMAIL.COM,,NC,Veteran
553875,Leeona,Klippstein,9105851633,simhifree@gmail.com,,NC,Veteran
694213,Daniel,Nacrelli,2527024123,patchespups@hotmail.com,,NC,Veteran
412056,Gregg,Web,8287675253,awebb65@yahoo.com,Burnsville,NC,Veteran
843152,Joseph,,+18285932769,jlemanek@msn.com,CLYDE,NC,Veteran
622894,LARRY,ECHELBURGER,9194788008,echelburger71@gmail.com,,NC,Veteran
709688,Abdullah,Hasan,3365212159,abdullahhasan742@yahoo.com,,NC,Veteran
540023,Jud,McLester,9102807103,jcmclester@gmail.com,,NC,Veteran
708973,STEPHEN,DIGGS,5029399447,DIGGES609@GMAIL.COM,,NC,Veteran
541142,Lyn,Crissman,3366980456,Richmondpond56@gmail.com,,NC,Veteran
541335,Vincent & JoAnne,Coppola,5164557358,licopp@aol.com,,NC,Veteran
542654,Randy,Summey,8287088097,randysummey8186@gmail.com,,NC,Veteran
542658,michael,Kornegay,9106693796,leeroy.kornegay@gmail.com,,NC,Veteran
709224,Larry,Jennings,9196048269,larryjenni@gmail.com,,NC,Veteran
709156,Gregory,Williams,3364333031,gawarnaz11@gmail.com,,NC,Veteran
709753,DENNIS,ROUPE,3134337198,,,NC,Veteran
685446,Willie,Nelson,4146174409,nelsonwillie787@gmail.com,,NC,Veteran
710114,Vernon,MCDONALD,9102323124,towtruck400@gmail.com,,NC,Veteran
586094,Jacob,McDowell,+18505435083,fast4teg@yahoo.com,,NC,Veteran
411180,Amber,Licorish,7575134383,amberlicorish1977@gmail.com,Leland,NC,Veteran
410551,FRANK,DUNCAN,3363745877,FDUNCAN@AOL.COM,Siloam,NC,Veteran
574109,Clark,Casanova,+19106122659,rubyc2885@gmail.com,Winnabow,NC,Veteran
619452,Deborah,Bodkin,9105407282,queenbeeboykin1952@gmail.com,,NC,Veteran
829470,Will,Davis,8563837355,wcdavis85@gmail.com,,NC,Veteran
709757,JAMES,FIELD,9802232164,CCCBFIELD@HOTMAIL.COM,,NC,Veteran
667671,Diana,Centro,7042011467,dmcentro@yahoo.com,,NC,Veteran
625356,Wayne,Carter,2526763304,cwayne426@gmail.com,,NC,Veteran
813976,John,Walton,7574390461,WaltJo27@yahoo.com,,NC,Veteran
560023,Mary,Pettis,7048696022,MANEERSOLESSK4WQ@HOTMAIL.COM,,NC,Veteran
625446,BONITA,ALLRED,3367464307,nitaallred@lexcominc.net,,NC,Veteran
541590,ROBERT,Paige,6108058850,rl.paige@verizon.net,,NC,Veteran
582490,PJ,Thornhill,+19148792165,Pjthornhill18@gmail.com,,NC,Veteran
621134,Brenda Lee,Wilson,9194786738,brendasturgill57@gmail.com,,NC,Veteran
710066,Alonzo,Glover,7042470059,alonzoglover@yahoo.com,,NC,Veteran
556792,Connie,Ball,3367489346,conrosdball@aol.com,,NC,Veteran
640594,Norman,Patton,7044582242,stormin.norman3@hotmail.com,,NC,Veteran
568663,Zachary,Marshall,9196417909,zacherymarshal@gmail.com,,NC,Veteran
568666,John C.,Madere Jr.,2524976568,bestrebel59@gmail.com,,NC,Veteran
661888,Matthew,Robbins,8036733112,mattjr4740@gmail.com,,NC,Veteran
557167,Alex,Wahl,9192733859,alexwahlod@gmail.com,,NC,Veteran
542973,Patrick,Pritchett,3367676641,ppritchett@att.net,,NC,Veteran
553792,David,Trent-Todeschini,7184401080,Net4TruthUSA@protonmail.com,,NC,Veteran
572766,Judy,Manzanares,+18286966713,jmanz1@ymail.com,Hendersonville,NC,Veteran
621175,Robert,Lunan,8456636327,boblunan@gmail.com,,NC,Veteran
624006,Jose,Ferreira,2523087756,rudycolon62@gmail.com,,NC,Veteran
581853,Aileen,Marcelino,+12523642151,ernestomarcelino@hotmail.com,Winterville,NC,Veteran
653094,John,Davis,8283898163,johnbdavisjr@icloud.com,,NC,Veteran
575002,David,Haeck,+13365679975,davidahaeck@gmail.com,Greensboro,NC,Veteran
711183,Antonio,Marsh,9107838317,antoniomarsh70@gmail.com,,NC,Veteran
712065,Virginia,Parrish,9192223136,Virginiasnn1@nc.rr.com,,NC,Veteran
648163,Walter,JONES,5404708015,boilerman1979@gmail.com,,NC,Veteran
834360,Fran,Barbato,6034097240,franb438@gmail.com,,NC,Veteran
689647,Michael,James,2132840358,Michael.James127@yahoo.com,,NC,Veteran
711119,Durwood,Lewis,2525369650,waytronics1@aol.com,,NC,Veteran
627467,Robert,Brown,9107345140,rbtanker@yahoo.com,,NC,Veteran
412270,Diana,Walker,7045266427,walkerdiana133@gmail.com,Charlotte,NC,Veteran
712291,SHIRLEY,MILLER,2526788337,MILLERSHIRLEY40@GMAIL.COM,,NC,Veteran
711414,Lisa,Robinson,9105815865,sunnidreemr@yahoo.com,,NC,Veteran
713798,George,Kittrell,2525501980,helen171925@icloud.com,,NC,Veteran
577424,Andrea,Woodson-Smith,6307282060,drenettte7@gmail.com,Cary,NC,Veteran
711028,John,Smith,2529753397,johnwsmith913@gmail.com,,NC,Veteran
625678,William,Sinclair,5632715332,duthacs@aol.com,,NC,Veteran
720974,Milley,Brewington,9103374765,milley1miracle@hotmail.com,,NC,Veteran
712299,CECIL,FAISON,2525371855,BCFAISON129@CHARTER.NET,,NC,Veteran
645241,Ken,Suhr,9107286967,kustombykrunch@yahoo.com,,NC,Veteran
714583,Will,Willis,2522417302,williswl6307@gmail.com,,NC,Veteran
656817,frederick,creed,2529049563,fcreed1@gmail.com,,NC,Veteran
711145,Tammy,Hayman,8282704860,dhiatt2020@gmail.com,,NC,Veteran
711424,William,Harris,2524505440,wjharris1962@aol.com,,NC,Veteran
711406,Ruth,Patterson,3369186318,pattersonruth58@gmail.com,,NC,Veteran
712008,Ernest Leroy,Sharpe Jr.,9105745645,trumpetsharpemusic@gmail.com,,NC,Veteran
711522,John,Carbone,9143294553,jcarbone622@gmail.com,,NC,Veteran
711511,Tj,Moore,7048400617,tj200196@gmail.com,,NC,Veteran
711483,Bruce,Heckelman,8288179845,Bheckel169@gmail.com,,NC,Veteran
711947,John,Jones,3364605634,jfjusa1957@gmail.com,,NC,Veteran
722695,Ron,Sturdivant,3369422612,resturdivant@gmail.com,,NC,Veteran
712002,Tammy,Sofield,9194175381,dis-t@mindspring.com,,NC,Veteran
711467,Ray,Hall Jr.,9197409516,hrayjr@currently.com,,NC,Veteran
712409,Chad,Munn,3366884597,Chadmunn@yahoo.com,,NC,Veteran
622225,Shawn,Miller,336920548,chynasroyster@gmail.com,,NC,Veteran
711529,Deborah,Long,9102240070,longdeborah1965@gmail.com,,NC,Veteran
622244,Dkdkj,Kekr,62566567263,amy2023@gmail.com,,NC,Veteran
672084,Tracy,Sexton,9804401895,tracysexton2458@gmail.com,,NC,Veteran
711510,Guy,Murrell,2523422888,gymurrell@gmail.com,,NC,Veteran
712117,Richard,Boyer,3364071651,rmboyer1@aol.com,,NC,Veteran
721086,Fred,Hill,9108822113,Hillfred321@gmail.com,,NC,Veteran
625023,Donald,Beasley,4372418375,cbgent54@gmail.com,,NC,Veteran
712282,WILLIAM,BEASLEY,3208947362,,,NC,Veteran
712297,Martha,Owenby,8286555211,burgessmartha057@gmail.com,,NC,Veteran
711929,Amanda,Mincolla,9199206356,AAustin188@gmail.com,,NC,Veteran
638432,William,Reid,3368339927,will.h.reid9974@gmail.com,,NC,Veteran
622675,Joseph,Meadows,7048661119,jmead1963@yahoo.com,,NC,Veteran
622676,Ronald,SHEPPARD,9165211888,ron_sheppard54@hotmail.com,,NC,Veteran
687707,George,Claude Jr,9107534197,diveskiman1@gmail.com,,NC,Veteran
712310,GERALD,BLOOMER,2529331679,,,NC,Veteran
712300,DAVID,DAWSON,9108741630,,,NC,Veteran
572550,Leslie,Chism,+17753031955,sagehopper2005@yahoo.com,Maxton,NC,Veteran
714596,Leslie,Christopherson,7045300761,fallenangel0066@gmail.com,,NC,Veteran
669381,Bob,Nordlander,3367690221,rnordlander@gmail.com,,NC,Veteran
713629,Mark,Carter,3369633309,mcart171@yahoo.com,,NC,Veteran
713666,Kevin,Morgan,9102659509,68kmorgan1955@gmail.com,,NC,Veteran
560435,Karl,Porter,3364807544,pkarl1879@gmail.com,,NC,Veteran
627464,Mary,Hyer,7042195450,Butterfliesnana1946@gmail.com,,NC,Veteran
713742,Barry,Brannan,9802624400,barryb1935@gmail.com,,NC,Veteran
712801,Gail,Ditter,3368653085,gailditter2024@gmail.com,,NC,Veteran
714595,Bruce,Stevenson,9195392901,bsteven459@aol.com,,NC,Veteran
713723,Tina,Johnson,8283850369,tinaj_2004@yahoo.com,,NC,Veteran
673038,Melissa,Belcher,3367569183,melissa905@yahoo.com,,NC,Veteran
712809,Austin,Hester,9105146700,hesteraustin05@gmail.com,,NC,Veteran
566634,scoobydoo24,Sizemore,8286743638,sizemoreandrew6@gmail.com,,NC,Veteran
550386,Leroy,Boykins,9197395636,navysuff1176@gmail.com,,NC,Veteran
714610,Mia,Phillips,9804161028,miaphillips1979@gmail.com,,NC,Veteran
714588,Jack,Clayton,9106200204,jcschevy@aol.com,,NC,Veteran
539005,Haywood,Coffey,9197041955,lhaywoodcoffey@gmail.com,,NC,Veteran
539409,Shane,Ekard,2526869022,shaneekard912@gmail.com,,NC,Veteran
541529,Bonnie,Graham,7047961859,jesusfixit59@yahoo.com,,NC,Veteran
721192,Annette,Blair,9803357028,blairannette45@gmail.com,,NC,Veteran
713592,Francisco,Riego,9199310130,f_riego@yahoo.com,,NC,Veteran
538931,Ben,Barksdale,2523421901,bl.barksdale1@gmail.com,,NC,Veteran
713663,JUDITH ANNE,CARIVEAU,7148899141,jodie.cariveau@gmail.com,,NC,Veteran
713768,Dianna,Eller,8285040067,diannaeller5@gmail.com,,NC,Veteran
538245,Damien,Stein,910798239,damiensteinohoto@gmail.com,,NC,Veteran
538246,RICKEY,WEBSTER,7047647378,RICKYWEBSTER1@AOL.COM,,NC,Veteran
538357,John Henry,Martin,8284174601,henrymar890@gmail.com,,NC,Veteran
538628,William,Bilbry,9109888106,bbilbry8@gmail.com,,NC,Veteran
714611,Ana,Rabhi,2159396972,4nogueras2@gmail.com,,NC,Veteran
713824,Andra,Willis,3364542430,lillie0227@yahoo.com,,NC,Veteran
572824,Pat,,+19103403383,pwcurley@gmail.com,Stella,NC,Veteran
721189,Brian,Beckwith,2528860171,brianbeckwith33@yahoo.com,,NC,Veteran
751294,David,Smith,3362409419,dorissmith1119@gmail.com,,NC,Veteran
714429,Betty,Blankenship,8286330083,blou1941@gmail.com,,NC,Veteran
714553,Delaine,Preston Fisher,7042102189,fisherdelaine90@gmail.com,,NC,Veteran
714522,Jack,McCann,9105158404,Jack.mccann@outlook.com,,NC,Veteran
841208,Nikki,Starnes,8285027935,nstarnes007@gmail.com,,NC,Veteran
657699,Phyllis,Huff,3365404741,huffphyllis934@gmail.com,,NC,Veteran
713844,Wayne,Martin,7047984447,bullfrog-slcc@yahoo.com,,NC,Veteran
713737,Emilee,Bunn,8142485844,1513emmy@gmail.com,,NC,Veteran
572780,Aj,Shipman Sr.,+18282511288,shipmanaj2@gmail.com,Asheville,NC,Veteran
713839,Shivani,Tatineni,9194342778,shivanitatineni@gmail.com,,NC,Veteran
721197,Clyde and Debra,Lunsford,3369280007,deblundford421@outlook.com,,NC,Veteran
713685,Jeanne,Gardner,9102329613,jeannie9613@gmail.com,,NC,Veteran
713711,David,Cunningham,2527176422,davidcunningham531965@gmail.com,,NC,Veteran
714512,Jimmy,Blount,9194404515,blount1704@gmail.com,,NC,Veteran
713766,Melissa,Hall,2697768119,kevmylove1978@gmail.com,,NC,Veteran
713902,Rachel,Caldwell,8285675619,rachelingalls441@gmail.com,,NC,Veteran
624519,Nancy,Pierce,7049748998,tntjmn@gmail.com,,NC,Veteran
713807,Melissa,Leatherman,8283714739,melissaleatherman14@gmail.com,,NC,Veteran
721182,Charles,Queen,8284478819,chuck1752ushwy@gmail.com,,NC,Veteran
714509,Peggy,Stepp,8286990936,pegstepp@att.net,,NC,Veteran
713710,Jerry,Wood,2524553784,Captjerrywood7@gmail.com,,NC,Veteran
713719,Chris,Pender,2522895886,blck9012@gmail.com,,NC,Veteran
713886,Duke W,C,7044604080,carpd_b10868@bellsouth.net,,NC,Veteran
714441,teresa,Settlage,7044679639,teresa.beaver@gmail.com,,NC,Veteran
748400,Randy,Jones,9195009860,randyjones36@hotmail.com,,NC,Veteran
714514,Paul,Moore,2034347968,paulmoore69pm.pm@gmail.com,,NC,Veteran
657447,Henry,Davis,8284954831,hankhank22@yahoo.com,,NC,Veteran
714415,April,Jackson,7043147853,apriljackson1899@yahoo.com,,NC,Veteran
721184,John F,Strack Jr.,2524706369,strackmanjr@gmail.com,,NC,Veteran
721186,Thomas,Plans,2245004429,snelp2u@gmail.com,,NC,Veteran
713920,Bettyy,Jordan,9199203589,jordan1980@gmail.com,,NC,Veteran
714449,Sonya B Williams,Williams,2526708573,nsths@outlook.com,,NC,Veteran
557368,Howard,Jacobs,9106242505,lamontjacobs939@gmail.com,,NC,Veteran
714579,Ricky,Rook,9197206466,rrook58@gmail.com,,NC,Veteran
714546,Alan,Whitehead,2522996012,louie-alan@hotmail.com,,NC,Veteran
714443,Ron,Isaacs,8282639688,082jail@gmail.com,,NC,Veteran
572859,Phyllis,Williams,+19105780894,pwilliams4488@gmail.com,Fayetteville,NC,Veteran
714154,JAMES,RATH,2526260631,,,NC,Veteran
572819,Emilio,Niglio,+18284554945,niglio@charter.net,Laurinburg,NC,Veteran
631308,Larissa,Mallard,9842892108,larissamallard@gmail.com,,NC,Veteran
650108,Timothy,Heiskell,8285075071,timheiskell@gmail.com,,NC,Veteran
714527,Ken,Mills,2019067414,kenmills1503@gmail.com,,NC,Veteran
658646,Bonnie Floyd,Johnson,7046890096,bcf@carolina.rr.com,,NC,Veteran
714549,Linwood,Hall,9103750369,lehall2020gt@gmail.com,,NC,Veteran
714557,Andrew,Hall,2525145989,Andrew.hall357@yahoo.com,,NC,Veteran
579450,Jim,Ritter,2525711769,Jbr202033@gmail.com,Newport,NC,Veteran
714568,Judah,Person,2522678019,japerson42@gmail.com,,NC,Veteran
714615,Dick,England,7045195992,rmeclt@aol.com,,NC,Veteran
714508,James T.homas,Simmons,9193333644,sdeacon01@gmail.com,,NC,Veteran
714623,Jesse,Rawls,7047248042,jarawls99@hotmail.com,,NC,Veteran
714501,Donnie,Eason,5595152995,dleason56@icloud.com,,NC,Veteran
568658,Jimmie,Gavin,9196498322,jimmiegavin@outlook.com,,NC,Veteran
714500,Anthony,Lee,2526347125,Agl553@outlook.com,,NC,Veteran
574463,Gary,Harris,7048177396,Gharros777@aol.com,,NC,Veteran
714545,William,Reid,3363409641,will.h.reid9974@gmail.com,,NC,Veteran
648899,Angelo,Y,8047226947,angelowilliamson81@gmail.com,,NC,Veteran
650126,George,Dunkley,9802517251,GJD21486@AOL.COM,,NC,Veteran
652598,Dan,Bolden,9102890736,Boldendanny77@gmail.com,,NC,Veteran
569971,Todd,Jorgensen,3368170834,todd@toddjorgensen.com,,NC,Veteran
654284,Steven,Walters,8644539523,anthonykoon974@gmail.com,,NC,Veteran
739339,Taffy,Jones,9196987787,taffy@prostheticrx.com,,NC,Veteran
714561,Charisse,Waters,9103404514,butterpop6159@yahoo.com,,NC,Veteran
572885,John,Hood,+19804204377,hood836@aol.com,Charlotte,NC,Veteran
818400,jimmie,brown,2196131009,jimbob9837@att.net,,NC,Veteran
714519,Robert,Fuller,9802303746,raheemfuller@yahoo.com,,NC,Veteran
714503,Richard,Roberts,7702967975,Joanneroberts79@gmail.com,,NC,Veteran
714533,Randy,Moore,2526706856,rkm46@hotmail.com,,NC,Veteran
911643,Patricia,blakley,9108744377,blakleypatricia183@gmail.com,,NC,Veteran
572920,Moddie,Kersey,9106109218,moddiekersey@yahoo.com,Mills River,NC,Veteran
739303,James,Pickett,3363255456,pickettj517@gmail.com,,NC,Veteran
715746,JAMES,BROOKS,2527257861,JARABROOKS04@GMAIL.COM,,NC,Veteran
715706,DAVE,BEHLIN,2525414010,,,NC,Veteran
715647,Tynise,Ward,9195227347,tynisew@gmail.com,,NC,Veteran
582360,Brenda,Adams-Marks,+17049539986,brenda_adamsmarks@yahoo.com,Gastonia,NC,Veteran
715711,Donna,Knuck,9413504011,dmk9265@gmail.com,,NC,Veteran
715724,ALTON,EARLEY,2526423660,riverbrook44@gmail.com,,NC,Veteran
849441,James,Green,9109982041,jamesjr49.jg@gmail.com,,NC,Veteran
716729,Charles,Martin,7045919388,crmartin@charlotte.twcbc.com,,NC,Veteran
715476,IRIS,LEGGE,9736345112,,,NC,Veteran
722906,lesley,kearse,2526460799,lkearse0419@yahoo.com,,NC,Veteran
554209,Audry,Locklear,9104708516,smoothdaddyray1@gmail.com,,NC,Veteran
632801,Loretta,Burkhart,8287500692,lnhart1201@chartet.net,,NC,Veteran
715681,Judy,Craven,8283027505,judycraven76@yahoo.com,,NC,Veteran
715467,JOHN,GLAVAN,7193596342,JACK-TERI@COMCAST.NET,,NC,Veteran
633244,Helena,Metcalf,3362132130,metcalf1951@yahoo.com,,NC,Veteran
665015,Anthony,Bruno,9104557789,tonybruno33@gmail.com,,NC,Veteran
715685,Rayne,Pardo,9412231812,nitesky0812@gmail.com,,NC,Veteran
715695,David,Yeoman,3524582176,poppayeo@gmail.com,,NC,Veteran
572847,Dr  farid,Muti,+19197983515,Faridmuti@yahoo.com,Raleigh,NC,Veteran
715496,ROBERT,BELL JR,7322674337,RTBELL5420@GMAIL.COM,,NC,Veteran
572659,Clayton,Buchanan,+19104741380,claytonbuchanan86@gmail.com,Parkton,NC,Veteran
572908,James E,Ward III,+12524744568,JamesEWardIII5@gmail.com,New Bern,NC,Veteran
582218,Charles,Pompey,+18034229143,c4narow@gmail.com,,NC,Veteran
574444,McCullon,Wiggins,+12526409120,elisettewiggins@gmail.com,Middlesex,NC,Veteran
715495,BEAU,MILLER,9192431821,BEAUMILLER@MSN.COM,,NC,Veteran
715722,William,Sinclair,5632715332,duthacs@aol.com,,NC,Veteran
722905,Alecia shenette,Covington Williams,8284619631,aleciawilliams921@gmail.com,,NC,Veteran
575843,Debra,Stewart,+17069517896,dmsfavor7777@yahoo.com,Fuquay Varina,NC,Veteran
628495,Donald,Schneider jr,2522596312,d3366116@gmail.com,,NC,Veteran
631225,Paul,Krauss,6035057527,onlyoneduke@outlook.com,,NC,Veteran
631104,Elizabeth,Honeycutt,7042891265,Annhoneycutt10@gmail.com,,NC,Veteran
631174,James,Brown,9802417971,ki4raw@yahoo.com,,NC,Veteran
633356,Robert,Carter,2523474779,rob824cart@gmail.com,,NC,Veteran
572518,Gayle,Petrick,+17575932238,trubador@rocketmail.com,Moyock,NC,Veteran
574155,Gwendolyn,debro,+12528863282,gwendolyndebro62@gmail.com,Rocky Mount,NC,Veteran
715488,CRAIG,STARNES,7042306790,CRAIG.STARNES@YAHOO.COM,,NC,Veteran
586515,Tim,Peine,+18035534377,firemantim54@gmail.com,Greensboro,NC,Veteran
574332,Carl,Grigsby,+17043519193,carlgrigsby02@gmail.com,Mooresville,NC,Veteran
574470,Alvin,Ingram,+12525481375,ingramalvin31@gmail.com,La Grange,NC,Veteran
715466,CALLIS,BRIDGERS III,2526716660,,,NC,Veteran
572835,Joseph,Nunemann,+19109864127,joemacduff@yahoo.com,Siler City,NC,Veteran
722897,Martha,Ellerbe,9194184018,mgellerbe@yahoo.com,,NC,Veteran
572360,Charlotte,Grayson,7046893989,charlottegrayson51@gmail.com,,NC,Veteran
574170,William,Carter,3368770599,sgtbille7@yahoo.com,Crumpler,NC,Veteran
575030,Michael,Phillips,+18282341752,michaelphillips6914@gmail.com,Statesville,NC,Veteran
715549,jose,Ortiz,2526731573,dj2ton69@gmail.com,,NC,Veteran
573769,Lawrence,Johnson,7039878961,lawrencelj1953@gmail.com,Rocky Mount,NC,Veteran
573990,Roger,Starr,+18282916941,rdstarr50@gmail.com,Granite Falls,NC,Veteran
722903,Lynn,Guillot,6464745971,guillotlynn@yahoo.com,,NC,Veteran
585223,Judy,Angell,3367683067,judycangell@yahoo.com,,NC,Veteran
523337,Dakota,Warren,8283167764,dakotawarren0@gmail.com,,NC,Veteran
715710,Carl,Glenn,3368285049,dsmith101766@yahoo.com,,NC,Veteran
722911,Darlene,Parrott Brown,2405350069,darleneparrottbrown@gmail.com,,NC,Veteran
616170,Johnny,Smith,7045335859,johnny60246@gmail.com,,NC,Veteran
673793,Christopher,Peoples,7046996932,chrispeoples0203@gmail.com,,NC,Veteran
574322,Barry,Teseniar,+19802050197,barry.teseniar65@gmail.com,Charlotte,NC,Veteran
645197,Alan,Smitherman,3369974218,Asmitherman1@triad.rr.com,,NC,Veteran
577833,Joel,Furr,+13364808355,jfurr129@yahoo.com,Mocksville,NC,Veteran
715712,Cammy,Armstrong,9193087934,babyphat6813@gmail.com,,NC,Veteran
722899,Joan,Barentine,9103816797,joanbarentine@gmail.com,,NC,Veteran
555524,Melvin,Koonce,8284078230,mmkoonce@gmail.com,,NC,Veteran
717725,Tina,Bing,8283150197,tinabing0107@gmail.com,,NC,Veteran
827732,Charles,Benfante,9197214570,charlesbenfante5@gmail.com,,NC,Veteran
717643,Marion,Kazmierowicz,8478465636,marionkaz@sbcglobal.net,,NC,Veteran
570817,Donald,Eash,3364292188,ddeash@gmail.com,,NC,Veteran
574315,Paula,Jolly,+13368678600,pfjolly@aol.com,High Point,NC,Veteran
717655,Jennifer,Kaufman,9109869763,jlkaufman30@yahoo.com,,NC,Veteran
631270,Victor,Hollingsworth,9109920078,victorballshollingsworth@gmail.com,,NC,Veteran
676697,Larry,BARRINGER,7049775308,LarryBARRINGER4@gmail.com,,NC,Veteran
717706,Herbert,"Hickey, Jr.",9196062987,hhickey001@gmail.com,,NC,Veteran
717661,Robin,Stratton,3364095335,robinstratton5075@gmail.com,,NC,Veteran
646507,Walter,Knight,3362090325,knightwalt@aol.com,,NC,Veteran
863684,Brenda,Harrington,3369818644,sullyrustin2323@gmail.com,,NC,Veteran
717434,John,Moody,9192228721,ranger201152@gmail.com,,NC,Veteran
411905,Juanita,Wilson,9104942823,jwilson6665@gmail.com,Fayetteville,NC,Veteran
575093,Andrew,Neal,8432290088,Andrewnealski@gmail.com,Southport,NC,Veteran
575984,Wilbert,Smith,3365886437,wilbertsmith451@gmail.com,,NC,Veteran
717604,Betty,Crawford,9107345280,crawbet@hotmail.com,,NC,Veteran
716655,Edward,Crowell,7043012287,scrowell524@gmail.com,,NC,Veteran
582265,David,Fincannon,+19105239204,Dfincannon@gmail.com,,NC,Veteran
656775,Jeffrey,Smith,7432429620,dvermette63@gmail.com,,NC,Veteran
726767,William,Gill,9199313581,gillinfantry52@gmail.com,,NC,Veteran
574134,Morris,Guiendon,+12527281082,corky10032@twc.com,Beaufort,NC,Veteran
661680,David,Sykes,9106276055,eoddave@hotmail.com,,NC,Veteran
574368,William,Hill,+12522416752,whph102@gmail.com,Swansboro,NC,Veteran
574598,Craig,Fedor,+13362721103,lfedo346@earthlink.net,Greensboro,NC,Veteran
572621,Mark,Bredehoft,+19202277838,mbredehoft@gmail.com,Durham,NC,Veteran
581806,Jason,Christian,+13362147199,christian.jason@gmail.com,Whitsett,NC,Veteran
650081,Adam,Garrett,9105732864,adamgarrett00@gmail.com,,NC,Veteran
647414,Louwanda,McDaniel,3365773934,mcdaniellouwanda@gmail.com,,NC,Veteran
573991,Anna,Lounsberry,+19105830459,mygoldens2012@yahoo.com,Fayetteville,NC,Veteran
582257,MARY,Halperin,2154315176,mlh513@gmail.com,,NC,Veteran
654311,Aaron,Whittington,9362077186,shimdidly1988@gmail.com,,NC,Veteran
717144,Barry Danforth,Barry Danforth,2523386577,bdanforth60@outlook.com,,NC,Veteran
718669,King,Bulluck,2522103773,kingbulluck@gmail.com,,NC,Veteran
719098,April,Colie,9192736255,colieapril413@gmail.com,,NC,Veteran
411557,Larry,Hord,7045306317,bionichillbilly46@gmail.com,Lincolnton,NC,Veteran
572904,Sarge,James,+19843618709,sniperbravosix@yahoo.comi,Dudley,NC,Veteran
717638,Angie,Snyder,3368770765,snyderaj26@gmail.com,,NC,Veteran
586939,Jerry,Seabrooks,+17046057606,jerryseabrooks47@gmail.com,Charlotte,NC,Veteran
573848,Ronald,Plimpton,+17048408004,plimptonron@gmail.com,Indian Trail,NC,Veteran
718778,Ronald,Alston,9843106782,ronaldalston1950@gmail.com,,NC,Veteran
588997,Maria,Eck,+18287138713,spjh09@yahoo.com,Weaverville,NC,Veteran
719813,Linda,Ferrer,9103820713,mylaptop500@gmail.com,,NC,Veteran
727176,David,Harris,7047121295,Juliaharris1962@gmail.com,,NC,Veteran
661056,John,Morgan,9199229486,johnmorgan0212@icloud.com,,NC,Veteran
719577,Bruce,Dockum,9198689154,Bdoc46@yahoo.com,,NC,Veteran
679309,Gerri,Bowden,8179445697,msgbowden@gmail.com,,NC,Veteran
727169,Barry,Coleman,7575153659,Barrynceil@aol.com,,NC,Veteran
572875,Wesley,Allen,+19109774367,abakabeer@gmail.com,Fayetteville,NC,Veteran
574551,Richard G.,Jackson,+19195009997,Dickee70@gmail.com,Clayton,NC,Veteran
643022,John,Hakenson,2524694666,jhakenson@suddenlink.net,,NC,Veteran
722796,Suzanne,Rupsa,9193196424,srupsa@nc.rr.com,,NC,Veteran
664828,Anthony,Yates,3362872902,tyates2037@yahoo.com,,NC,Veteran
645249,Chris,Rogers,8284003545,chrisdebrogers@gmail.com,,NC,Veteran
718504,David,Norman,3364704270,dnorman27292@yahoo.com,,NC,Veteran
718827,William,Brockett,9103030191,dbrockett@nc.rr.com,,NC,Veteran
718936,Josie,Faue,3362578949,vestentri@gmail.com,,NC,Veteran
722801,ADRIAN,Sandavol,6027770339,Ed72nova@yahoo.com,,NC,Veteran
718707,Albert,Markham,9192741854,markham_albert@yahoo.com,,NC,Veteran
718910,Ada,Brady,7048421926,adabrady62@gmail.com,,NC,Veteran
719831,Eric,Smallwood,2525311751,eric_smallwood2000@yahoo.com,,NC,Veteran
720838,Saro,Ortiz,2523789692,Ortizsato74@gmail.com,,NC,Veteran
719633,Thomas E.,Wiener,8283880948,scarwiener1963@gmail.com,,NC,Veteran
722803,Sheila,Stewart,3362149512,skeets661@icloud.com,,NC,Veteran
722797,James,Money,3364664430,moneydawg23@gmail.com,,NC,Veteran
722619,Laney,Layton,2523339968,laneyl101@yahoo.com,,NC,Veteran
727163,Devon,Thomas,9104896504,vondel2015@gmail.com,,NC,Veteran
636057,Barry,Wiles,7243557800,wiles4jc@gmail.com,,NC,Veteran
586121,Danny,P,+19102317318,dannyhilton59@yahoo.com,Hubert,NC,Veteran
719837,Kevin,Hoffman,8283833604,hoffmankevin2015@gmail.com,,NC,Veteran
727164,Douglas,Upton jr,9109347285,uptondfresh337@gmail.com,,NC,Veteran
586251,Louis,Micheletto,+12523475730,loulifeisgood@netzero.com,Greenville,NC,Veteran
582388,ronald,sherrard,+19103762132,ronaldsherrard@sandersford.com,Richlands,NC,Veteran
668552,Cabel,McKinley,9109643845,ablecabel@gmail.com,,NC,Veteran
721300,Nella,Young,8285503481,Nellayoungrn79@gmail.com,,NC,Veteran
721258,Lisa,Evans,2525062297,Cshockley47.cs@gmail.com,,NC,Veteran
644020,Reggie,Magwood,7708629962,reggiemagwood@gmail.com,,NC,Veteran
720753,Deborah,Jordan,9103223616,djordan4@hotmail.com,,NC,Veteran
654187,Larry,GREAVER,8285022002,LarryGreaver759@Gmail.com,,NC,Veteran
582334,Frances,Hickman,+17322417316,kim.hickman2@gmail.com,,NC,Veteran
582392,mildred,wells,+17048187704,ariusbarasht1ys@hotmail.com,Statesville,NC,Veteran
675815,James,Spirelis,7044393929,jpsems@ctc.net,,NC,Veteran
719842,John,Monds,9195575900,jpmonds46@gmail.com,,NC,Veteran
720704,Tammy,Tyson,9104596538,tammycintron77@gmail.com,,NC,Veteran
721321,James,Williams,2522309305,beebeewilliams1253@gmail.com,,NC,Veteran
720731,Lori,Brandt,2154998423,lori.brandt@icloud.com,,NC,Veteran
721049,Alonzo,Harris,3365016166,aharrisjr2@gmail.com,,NC,Veteran
722609,Veronica,Mathis,9106706517,vmstopnthink@gmail.com,,NC,Veteran
720911,Gregg,Quander-Smith,3156649992,greggsbabycrochet@gmail.com,,NC,Veteran
721242,Eduardo,Evans,2524256924,nakiaevans1975@gmail.com,,NC,Veteran
720660,Brenda,Covington,9105014080,brendacovington636@gmail.com,,NC,Veteran
653110,Cherie,Tyndall,2526390934,ctyndall4@yahoo.com,,NC,Veteran
722293,Ulysses,Centaur,2025683111,centaur33LLC@gmail.com,,NC,Veteran
722259,Neavil,Woodard,8287367322,neavilwoodard@yahoo.com,,NC,Veteran
655112,Larry,Trull,7043636272,ltrull89@gmail.com,,NC,Veteran
721092,David,Baker,3369045234,dabaker12@gmail.com,,NC,Veteran
623010,GABRIEL,Rodriguez,3477979534,grfsd55@gmail.com,,NC,Veteran
576328,Bill,Parlier,+14236778102,killbillx2.bp@gmail.com,Morganton,NC,Veteran
590021,Ronald,Smith,7027552400,rls7004@yahoo.com,,NC,Veteran
639171,Lyndell,Finney,9193522155,ladyfinn54@aol.com,,NC,Veteran
720968,Dan,Varner,3369641376,Jdv50@ymail.com,,NC,Veteran
721026,John,Ignacio,3522741323,gmitn@yahoo.com,,NC,Veteran
720760,Eileen,Strauchler,9197717363,whynikken@yahoo.com,,NC,Veteran
721039,Anthony,Smith,8286383594,aes8120@gmail.com,,NC,Veteran
721063,Cynthia,Naber,3362609213,mom1024@gmail.com,,NC,Veteran
721093,Brian,Reed,3368040032,eb1990@myyahoo.com,,NC,Veteran
576319,Ronnell,Hairston,+13366921797,hairstonronnell@yahoo.com,Winston Salem,NC,Veteran
586474,harold,ball,8288505675,stinger1960@charter.net,,NC,Veteran
720602,Bruce,Swanson,8282386564,scrollsawbruce@gmail.com,,NC,Veteran
726550,Mary,Scott,9102795083,marymeemeescott@aol.com,,NC,Veteran
722610,Richard,Stafford,7046483434,rjs643@yahoo.com,,NC,Veteran
827277,Judy,Jones,821,judytjones@att.net,,NC,Veteran
720696,Allen,Duggins,3365586142,allenduggins@aol.com,,NC,Veteran
720854,Ron,Horn,4439534363,ronhorn.rh@gmail.com,,NC,Veteran
656883,William,Wheeler,8285691001,wmtodd_wheeler@yahoo.com,,NC,Veteran
722311,Alberta,howard,8282762878,shalondamayo42@gmail.com,,NC,Veteran
721018,Iretha,Alston,7024091990,irethaa@hotmail.com,,NC,Veteran
411935,Linda.,Watkins,9102333470,Lindapwatkins@yahoo.com,Castle Hayne,NC,Veteran
579150,Cynthia,Stevenson,9104017226,cbingaman36@gmail.com,,NC,Veteran
721171,Mary,Maness,3366833488,marymaness264@gmail.com,,NC,Veteran
720946,Edward,Messing,9193680121,ejmessing47@gmail.com,,NC,Veteran
633473,lee,kuscsik,9198880532,lkuscsik@live.com,,NC,Veteran
722285,Beverly,Mann,2522564731,obxsilverfox3@gmail.com,,NC,Veteran
640687,Gerald,Parker,3369188499,kahuna-7@earthlink.net,,NC,Veteran
721227,David,Proctor,7042319999,dproctor46@att.net,,NC,Veteran
646994,Lawrence,Propst,8283585677,propstlawrence45@gmail.com,,NC,Veteran
721298,Janet,Roberts,9105152023,janetroberts1223@gmail.com,,NC,Veteran
722294,Donnia Diane,Tomlin,7042841724,Hummingbirdmin@gmail.com,,NC,Veteran
722686,Rick,Bevan,9196181100,rjbevan@gmail.com,,NC,Veteran
722927,Linda,Jones,9842780183,crazylindal57.lj@gmail.com,,NC,Veteran
722062,Mike,Harrell,9198159372,m.harrell111@gmail.com,,NC,Veteran
722291,Lois,Creech,2523412393,6148nchywy33east@gmail.com,,NC,Veteran
722140,Nancy,Oconnor,3365202485,nancyoconnor1953@gmail.com,,NC,Veteran
722778,Charles R,Absher,3368803059,abshercharlesr@yahoo.comh,,NC,Veteran
722836,Robert,Taylor,8044812509,roberttaylorsr172@gmail.com,,NC,Veteran
721238,Curtis,Garth,9103183351,cgarth3@gmail.com,,NC,Veteran
721324,Gerald,Shifflett,8047124721,gershifflett@aol.com,,NC,Veteran
722306,Regina,Eldridge,9175890105,dimples080@gmail.com,,NC,Veteran
722307,Bruce,Gibson,3366028098,brucelgibson@yahoo.com,,NC,Veteran
722210,Tim,Hamwey,8283347069,tdhamwey@gmail.com,,NC,Veteran
671077,Norvell,Barber,7045797823,vellzworld@gmail.com,,NC,Veteran
722302,louella,Harris,2522664086,Louellahrrs@gmail.com,,NC,Veteran
722304,Cindy,Lowery,8282010833,cinkev6569@gmail.com,,NC,Veteran
723120,sam,thompson,9105354340,sam3001949@aol.com,,NC,Veteran
722282,Kathy,Murillo,3364911163,kathymurillo81@gmail.com,,NC,Veteran
722671,Palmer,Johnson,3366138800,palmerjohnson567@gmail.com,,NC,Veteran
722305,LaFayette,Trawick,9082448964,lafayette.trawick@gmail.com,,NC,Veteran
722833,Jane,Petrizzo,9148444242,janepetrizzo56@icloud.com,,NC,Veteran
588132,Daniel,Shew,8283603613,Samwes631@gmail.com,,NC,Veteran
671076,James,Campbell,9107976176,cgraderman@aol.com,,NC,Veteran
582313,John,Monk,+13364804746,gragobyersap@outlook.com,Winston Salem,NC,Veteran
722731,Sam,Simmons,2522681402,sizzle034@gmail.com,,NC,Veteran
633698,Gloria,Sykes-Thomas,4045428220,luvwilson60@gmail.com,,NC,Veteran
660010,James,Satterwhite,3365042237,jasatterwhite@hotmail.com,,NC,Veteran
722310,Cathy,Wright,3369557939,mwce1951@gmail.com,,NC,Veteran
722115,Susan,Stammerjohan,9106705014,sassysusanna.ss@gmail.com,,NC,Veteran
581065,Michelle,Brown,2543382139,michelle.perezruiz@yahoo.com,Fayetteville,NC,Veteran
722300,NATHAN,JAMES,9104769163,jfunk152003@yahoo.com,,NC,Veteran
722069,Diana,Pierce,9105488909,piercediana1977@gmail.com,,NC,Veteran
622893,RONALD,HENDERSON,2528093442,vmhenderson1958@gmail.com,,NC,Veteran
722298,Martha,Eason,2528830480,meason1956@gmail.com,,NC,Veteran
582168,Christian,Abdullah,+18564043165,christianabd@gmail.com,Cornelius,NC,Veteran
670822,JOANN,Shore,7045287237,joann.shore2@gmail.com,,NC,Veteran
722284,Pam,Holt,7045645448,Curlyqpam@hotmail.com,,NC,Veteran
619227,Jamie,Foster,8282179975,Jkfoster0522@gmail.com,,NC,Veteran
722718,Claudis,Richardson,9195979278,claudis532@gmail.com,,NC,Veteran
722926,Debra,Hillard,2527147974,dthillard51@gmail.com,,NC,Veteran
641363,Eric,Brewington,9197600584,etbrewington@gmail.com,,NC,Veteran
722296,Claude J,Snyder Sr.,9195766839,1jsnydersr@gmail.com,,NC,Veteran
637511,Oliver,Noel,2524696280,rettajnoel@gmail.com,,NC,Veteran
722687,Jamie,Ramsburg,7034244056,jamie@ramsburgconsulting.com,,NC,Veteran
722827,L,Tellis,8435357884,lat1264@yahoo.com,,NC,Veteran
574046,Joseph,Ballinghoff,+19105730509,jballing3@gmail.com,Troy,NC,Veteran
722634,Stephen,Collins,9803469537,stephen126882023@gmail.com,,NC,Veteran
722808,Amy,Golden,2524249789,amygolden1115@gmail.com,,NC,Veteran
722774,John,Rodham,9198460000,jrodham@nc.rr.com,,NC,Veteran
722295,Anna,Layman,8283299553,ann_layman@yahoo.com,,NC,Veteran
722238,Robert,Lee Bullock Jr,9195197344,bullockr493@gmail.com,,NC,Veteran
722250,Sharon,Lane,9197251192,Hollywoodchyna@yahoo.com,,NC,Veteran
411758,Richard,Holmes,9107778424,hgous1234@gmail.com,Wilmington,NC,Veteran
722670,Mary,Snow,3367563916,marykaysnow16@gmail.com,,NC,Veteran
635182,"James.  May 10, 1941. — BD",Puckett,7043928831,elizabeth77@bellsou0th.olnet,,NC,Veteran
722303,David,Sachs,8282014871,davidsachs2@gmail.com,,NC,Veteran
722788,CHARLES,E KNOX,3365494599,cknox3011@aol.com,,NC,Veteran
722116,Tina,Whittington Ramirez,8324509982,Tinamarieramirez@yahoo.com,,NC,Veteran
722265,Tyra,Hampton,3366171923,tyrahampton_13@yahoo.com,,NC,Veteran
722773,Daniel,Green,7048606986,dgreen.gunny@gmail.com,,NC,Veteran
722043,Len,Schilling,9103386036,Firstcavalry@hotmail.com,,NC,Veteran
722885,Mary,Cyrus,5035609567,13maryc.13@gmail.com,,NC,Veteran
722667,Randy,Zandt,6083441562,rzandt46@gmail.com,,NC,Veteran
722658,Thomas,Vanvalkenburg,9105270369,tglvan@nc.rr.com,,NC,Veteran
722683,Charles,Black,7044676998,charlesblack4137@gmail.com,,NC,Veteran
582275,Shirley,Sharman,+12522699599,shirlesharman@gmail.com,,NC,Veteran
412779,Doy,Whitmire,3366018951,lwhitmire57@gmail.com,Mayodan,NC,Veteran
722233,Rodney,Fleming,2528765232,rfleming0410@gmail.com,,NC,Veteran
722753,Dennis,Byrd,7049032033,byrddennisf@gmail.com,,NC,Veteran
722512,Rebecca,Hill,3367624911,hill84065@gmail.com,,NC,Veteran
722734,Elyse,Honeycutt Craver,9108498096,ecraver12@gmail.com,,NC,Veteran
722280,Glen,Richard,9105843235,glenrichard785@gmail.com,,NC,Veteran
722743,Amelia,Johnson-Walker,9106702021,ameliajwalker@yahoo.com,,NC,Veteran
722255,Lisa,Hancock,7044334507,lisahan61@yahoo.com,,NC,Veteran
722758,Susie,Kiser,9804298228,badsue123@yahoo.com,,NC,Veteran
722628,Thomas,stone,3366392667,Thom_stone@yahoo.com,,NC,Veteran
411104,Keith,Eggleston,7049647365,keitheggleston317@gmail.com,Charlotte,NC,Veteran
722840,Diane,Stallings,2522188587,1cadillac18@gmail.com,,NC,Veteran
722769,Lisa,Brown,6266260787,Kitty19614@gmail.comA,,NC,Veteran
723220,Ralph,Cloer,8282916020,cloerwesley@gmail.com,,NC,Veteran
411903,John,Vida,9104093324,jvida060@gmail.com,Black Mountain,NC,Veteran
722502,Julie,Harris,3369421920,msjule70@gmail.com,,NC,Veteran
722772,Geneva,Sanchez,2533043008,j_sanchez1960@icloud.com,,NC,Veteran
722501,Benjamn,VanEtten,9104092596,gdwtchgrny@aol.com,,NC,Veteran
722767,evelyn,Mitchell,9103964488,docmitchell1974@gmail.com,,NC,Veteran
722286,Beverly,Holloman,9194273652,beverlyjholloman@bellsouth.net,,NC,Veteran
578079,Craig,Jones,+19103861171,outnow15@yahoo.com,Sneads Ferry,NC,Veteran
722744,William Talmage,Brock,7046162455,williambrock44@gmail.com,,NC,Veteran
722875,Joi,Baker,9195808598,mepsync@yahoo.com,,NC,Veteran
723090,Jerry,Bishop,8283753750,jbpsb49@yahoo.com,,NC,Veteran
660539,Susan,Lain,3364043983,sfields757@yahoo.com,,NC,Veteran
411902,Mark,Ray,9105408446,mark.ray4562@gmail.com,Supply,NC,Veteran
722443,Trudy,Smith,8283037800,smithtrudy15@gmail.com,,NC,Veteran
722494,Nancy Mills Whalen,Whalen,7045754941,newhalen@gmail.com,,NC,Veteran
577181,Madeline,Kayser-Vargas,+17576855798,Madeline.kayser23@gmail.com,West End,NC,Veteran
660696,Walter,Ellis,3362155997,walterellis79@gmail.com,,NC,Veteran
722929,julius,gillespie,9105449160,peter1953at70@gmail.com,,NC,Veteran
724166,Davant,BRYANT,7047805528,kennelmaster6@gmail.com,,NC,Veteran
722764,Steven,Pompey,4404770953,Nevetsdp@yahoo.com,,NC,Veteran
722844,Susan,Anstett,4433267323,susananstett@yahoo.com,,NC,Veteran
723187,George,Grimes,9102241826,Gwgrimes03@aol.com,,NC,Veteran
722682,Max,Jonas,7044359485,myjazztoo@att.net,,NC,Veteran
722826,Judy,Taylor,9193510606,jjtaylor3@hotmail.com,,NC,Veteran
722488,Larry,Allen,8649039097,larryallen230@yahoo.com,,NC,Veteran
722770,Lisa,Taylor,7043266006,krafteame@yahoo.com,,NC,Veteran
722880,Charles,Callahan,2538619967,chucklesjr2@hotmail.com,,NC,Veteran
724194,Keith,Alexander,7044770594,keithalexander1966@icloud.com,,NC,Veteran
722692,Reva,Boone,8282696301,revaboone@hotmail.com,,NC,Veteran
722854,Kenneth,Christian,2675970603,kenn.christian51@gmail.com,,NC,Veteran
592589,CLAUDE,"SUTTLE, III",3366816735,cjiii@triad.rr.com,,NC,Veteran
722627,James,Fortner,7043057444,jamesfortner@gmail.com,,NC,Veteran
722818,Lester.  .,Lewis,9102537671,Chloesandgigi41@gmail.com,,NC,Veteran
722931,Delia/,Harper,9102626448,Harperd4776@gmail.com,,NC,Veteran
722675,Napoleon,Alston,9175786118,vernorlstn25@gmail.com,,NC,Veteran
722853,Lucy,Wynn,2527997351,lucywynn86@gmail.com,,NC,Veteran
722712,John,Telfer,9193560679,jptelfer@yahoo.com,,NC,Veteran
722823,Bonnie,Wyche,2529459852,bonniegwyche1@gmail.com,,NC,Veteran
722866,Jason,Debrucker,7572282833,J.m.debrucker@gmail.com,,NC,Veteran
722870,Lani,Fitzgerald,9805406291,lanif68@gmail.com,,NC,Veteran
675772,Bin,Rixh,2522684189,b.aytch82@gmail.com,,NC,Veteran
722895,Daniel,McCormick,3365901971,dsafety@hotmail.com,,NC,Veteran
722918,george,wilburn,9808758751,wilburngeorge91@gmail.com,,NC,Veteran
722861,Kaszondra,Davis,9195399199,Bocynt32@gmail.com,,NC,Veteran
723040,Emanuel,Hunt Jr,4047805224,ehuntjr46@outlook.com,,NC,Veteran
722857,Kristen,Duncan,7048791701,kristymduncan@protonmail.com,,NC,Veteran
723071,Alvin,Broadhurst,9197969270,al.broadhurst@yahoo.com,,NC,Veteran
616172,Leon,Smith,2525261908,lensmith1939@hotmail.com,,NC,Veteran
591842,Cindy,,+19193028954,bluefeather11@hotmail.com,Clayton,NC,Veteran
639434,Joan,Brooks,9803204155,joannbrooks979@gmail.com,,NC,Veteran
723042,Janyce,Ludwig,3039077532,Coconnection@msn.com,,NC,Veteran
722922,cathy,Thornton,9198198549,bonhamfreddie58@gmail.com,,NC,Veteran
571895,Tim,Chase,+12525607451,tchase@nccumc.org,,NC,Veteran
571959,Bob,Denman,+13368801577,rdenmanjr@aol.com,Bessemer City,NC,Veteran
572499,Margaret,Lyles,+17048603325,sewingnutnc@gmail.com,Dallas,NC,Veteran
572768,Joseph,Clark,+17049041999,josephsplace62@outlook.com,Charlotte,NC,Veteran
572903,Ron,Hanna,+19803108191,hotrodder36@hotmail.com,Kannapolis,NC,Veteran
590956,Doris  Priscilla,Lindsey,+19107097156,Dlindsey52@gmail.com,Southern Pines,NC,Veteran
571702,Juan,Choate,+14102418059,jtcoo57@gmail.com,Bunnlevel,NC,Veteran
571962,Joshua,Strickland,+13364027138,Papagost87@gmail.com,Sophia,NC,Veteran
572957,Jerry,Gray,+18033427848,jerryg5174@gmail.com,Albemarle,NC,Veteran
572958,David,Jamieson,+19844590248,Jamieson.david9@gmail.comm,Raleigh,NC,Veteran
723067,Jeanne,Arthur,8282288328,gmawjeanne50@gmail.com,,NC,Veteran
571938,Joseph  ( Joe ),Sellitti,+12524025668,jsellitti@suddenlink.net,Washington,NC,Veteran
817120,PATRICK,MCKENNA,8283290183,patrick.mckenna@ascendummachinery.com,,NC,Veteran
817116,John Thomas,Mellor,7048078486,jtmellor1@hotmail.com,,NC,Veteran
410552,Tamara,Norton,3363811758,tnorton76@hotmail.com,Troy,NC,Veteran
412019,DJ,Wayne,8434485423,DJWayneCribb@Gmail.com,Denver,NC,Veteran
588941,Gilbert,King,+18645536496,gilbertk214@gmail.com,Greensboro,NC,Veteran
591521,theodore,blackwelder,+14057885031,bornfree5333@gmail.com,Concord,NC,Veteran
591346,David,Woodward,7044258601,woodwarddavid46@gmail.com,Kannapolis,NC,Veteran
921042,Nelson,Staton,9196075592,nelsonstaton1906@gmail.com,,NC,Veteran
865735,JAMES CRAIG,VALENTINE,2524467531,CVALENTINE65@HOTMAIL.COM,,NC,Veteran
591750,Jeffrey,Cooper,+13369958830,Jeffery4646@aol.com,Greensboro,NC,Veteran
590291,Phoebe,Granderson,+19199167768,phoebesheavenlydesigns@gmail.com,Raleigh,NC,Veteran
724114,Danny,Boyette,2523733873,dannyboyettesr@gmail.com,,NC,Veteran
583085,BRUCE,JENKINS,+17045022690,DECOUNARAINE25398@OUTLOOK.COM,Charlotte,NC,Veteran
586499,caleb,mcintyre,+19198092354,kencamcab@gmail.com,Raleigh,NC,Veteran
727491,YONEKA,TRENT,9197713289,YTRENT2002@YAHOO.COM,,NC,Veteran
726867,Jennifer,Norris,3364891694,jenniferbruno87@gmail.com,,NC,Veteran
634875,James,Brannock,3367099972,vivian.brannock@gmail.com,,NC,Veteran
724183,Melissa,Ritchie,7048352139,melissaritchie682@gmail.com,,NC,Veteran
589144,Leroy,Cheek,+13363991117,lcheek9466@gmail.com,Pfafftown,NC,Veteran
582125,Melissa,Waller,+19802348106,melissadealwaller@gmail.com,Salisbury,NC,Veteran
584488,Kyle,Darling,9195844234,cruiseandbeyond@gmail.com,,NC,Veteran
726367,michael,Simpson,8287813196,michael.simpson818@gmail.com,,NC,Veteran
536521,HENRY,CHISHOLM,9106190793,HENRYACHISHOLM@GMAIL.COM,,NC,Veteran
726363,Leroy,Perry,7048910703,nle.perry7426@gmail.com,,NC,Veteran
536527,Sergio,Murcia,7047261760,sergiocmurcia@iclod.com,,NC,Veteran
595196,Thomas,little,3368776711,tommylttl@yahoo.com,,NC,Veteran
726038,Ginger,Harrelson,9104006964,pictureperfect910@gmail.com,,NC,Veteran
586494,DANIEL,I CORDELL,8287774035,dcordell55@hotmail.com,,NC,Veteran
725511,Raymond,Miller,9806356559,raymill535@gmail.com,,NC,Veteran
725367,Barbara,Sullen,7044662516,jimtimhowell@gmail.com,,NC,Veteran
536562,Rebecca,LeBarre,9104709400,rlebarre46@yahoo.com,,NC,Veteran
862051,Alton,Rollins,9197759528,altonrolls@yahoo.com,,NC,Veteran
725395,Ana,Wilson,8286847152,Annwilson671936@gmail.com,,NC,Veteran
588541,Jackie,Fluharty,9106445665,fluharty.fluharty@gmail.com,,NC,Veteran
588453,Michael T,Copeland,+17579682726,m.cope41@yahoo.com,Moyock,NC,Veteran
674085,Faye,Hall,9109907810,fayehall0607@gmail.com,,NC,Veteran
863784,Jackie,Thompson,8433448237,thompsonjackie599@gmail.com,,NC,Veteran
655413,C Kehlil,Hatcher,8084999327,kehlil.hatcher@gmail.com,,NC,Veteran
633545,BRUCE,ABBOTT,8285507831,bruce.abbott54@yahoo.com,,NC,Veteran
692260,jimmy,ashley,3369180773,jashley77@myyahoo.com,,NC,Veteran
725502,Donna,Robinson,2527109643,acecoonpoon442@yahoo.com,,NC,Veteran
536585,Margaret,Bradford-Gang,7162634981,margaretgang3@gmail.com,,NC,Veteran
588278,Lora,Rice,+19107953564,lorakay_1976@yahoo.com,,NC,Veteran
412059,Richard,Webb,8284476703,spider_99@hotmail.com,Ellenboro,NC,Veteran
588479,donald,atchison,+13035964266,dickegrohar@outlook.com,Denver,NC,Veteran
725401,James,Hudspeth,8282688798,rhodhissian50@gmail.com,,NC,Veteran
633392,fantanion,Jackson,9103589858,jacksongocatgojackson@gmail.com,,NC,Veteran
574545,Shawn,Samson,2077135741,samson.sd@pg.com,Jamestown,NC,Veteran
536606,Bishop,Marshall,9103098515,marshallalfred748@gmail.com,,NC,Veteran
536609,jOHNNIE,joyner JR,2524521189,johnandmary1716@embarqmail.com,,NC,Veteran
581895,Randolph,Boyte,+17044580911,boyterandy@yahoo.com,,NC,Veteran
725512,Erick,Guerra,9842595607,guerraerickk@icloud.com,,NC,Veteran
411011,Robert,Lee Bullock Jr,9195197344,bullockr493@gmail.com,Durham,NC,Veteran
725579,Amanda,Rhinehart,8285503976,amandarhinehart5@gmail.com,,NC,Veteran
725449,RYAN,DENMAN,8034471729,REDENMAN777@GMAIL.COM,,NC,Veteran
725529,Carlos M.,Soto,2522929678,carlossoto687@yahoo.com,,NC,Veteran
725588,Hollie,Thompson,9108761841,thollie99@yahoo.com,,NC,Veteran
725577,Belinda,Davis,9807857137,belindadavis83@icloud.com,,NC,Veteran
814509,Grayling,Ruffin,2523952254,ruffin2204@roadrunner.com,,NC,Veteran
725666,Kimbwrly,Smith,9102653320,K2012525@gmail.com,,NC,Veteran
583389,Larry,Nelson,+17575104327,larryofki@msn.com,Knotts Island,NC,Veteran
726379,Marjorie,Gettys,9809252051,marjoriegettys61@gmail.com,,NC,Veteran
726407,Mary,Wright,9805655816,maryewright1962@gmail.com,,NC,Veteran
633616,John,Springer,9103666018,jtspringer2@gmail.com,,NC,Veteran
726383,Mary,Pillsbury,7044498926,mary.pillsbury@outlook.com,,NC,Veteran
589138,Arthur,Butts,+17124184867,waikikibutts@gmail.com,Fayetteville,NC,Veteran
726387,Ben,Bradley,8284480218,leonardbradley2305@icloud.com,,NC,Veteran
726911,Laurie,Stensland,9192222015,laurie.stensland@yahoo.com,,NC,Veteran
754912,Pamela,VanGosig,2522418671,pvangosig1955@gmail.com,,NC,Veteran
582947,Jeraldine,Rainey,+12154364278,jeraldinerainey@gmail.com,Wallace,NC,Veteran
583409,William,Cooper,+18282014958,willcooper224@gmail.com,Morganton,NC,Veteran
726440,Jeff,Hill,9102298370,jeffclinthill@yahoo.com,,NC,Veteran
754919,Roger,Gagnon,9145822836,maytigger_22@yahoo.com,,NC,Veteran
754918,Barbara,Goodnow,3362705640,biagoodnow1@yahoo.com,,NC,Veteran
727147,Walter,Wilborn,3365925876,bobwilborn82@gmail.com,,NC,Veteran
644151,Richard,Uhlman,252717456,richard.uhlman@gmail.com,,NC,Veteran
686170,Debra,McCarty,3366138707,dmccarty2006@gmail.co,,NC,Veteran
726403,tina,Frady,3368038365,fradytina676@gmail.com,,NC,Veteran
726433,Tammy,Harvey,3364695696,caleah0404@gmail.com,,NC,Veteran
588032,Timothy,Insley,+13018523731,tminsley88@gmail.com,Castle Hayne,NC,Veteran
754935,Allan,May,2039809960,almay40200@yahoo.com,,NC,Veteran
726538,Kenny,Barnard,7069708021,kbarnard84@icloud.com,,NC,Veteran
726412,Andrew,Finkler,9105841775,andrewfinkler@yahoo.com,,NC,Veteran
754945,Bob,Baldwin,9104674937,Bobmarine1960@gmail.com,,NC,Veteran
726744,Gloria,Frazier,8285729314,frazier581126@bellsouth.net,,NC,Veteran
586364,Marc,Conquest,+12158173365,marc.conquest@yahoo.com,Raleigh,NC,Veteran
586277,Donald,Guy,+17044927613,donaldlguy@gmail.com,Pineville,NC,Veteran
586102,Marian,Summers,+13863188849,cs3rooney@gmail.com,,NC,Veteran
586304,Karen,Bobbitt,+19198886480,kdbobbitt2016@outlook.com,Cameron,NC,Veteran
727145,Sandy,Thompson,9107835777,sandyearlthompson48@gmail.com,,NC,Veteran
754956,Robert,Moore,9102004900,aw6212@outlook.com,,NC,Veteran
754955,Reinerio,Razuri,6314665346,Richardrazuri@aol.com,,NC,Veteran
754957,Tammy,Stanley,9804749541,tammykstanley12@gmail.com,,NC,Veteran
669927,Roger,Parker,8282465765,cloudpuff63m@gmail.com,,NC,Veteran
754960,Barry,Brooks,9104894507,bbrooks13@nc.rr.com,,NC,Veteran
727121,Teddy,Sherman,9109879767,kingteddy38@gmail.com,,NC,Veteran
727208,Michael,Pinnix,3365770549,ms@pinnix.net,,NC,Veteran
625463,Lorraine,Wiley,3365755060,lorrainewiley95@yahoo.com,,NC,Veteran
726960,Douglas,Lyons,9198207703,douglyons3@yahoo.com,,NC,Veteran
727116,George,Richardson,9198184928,grichardson_05@yahoo.com,,NC,Veteran
655922,Andre,Shy,09194267373,Shyguy1948@hotmail.com,,NC,Veteran
754976,Scott,Wilson,9197205502,pumba1960@live.com,,NC,Veteran
754978,robert,brown,8284581667,rhbrown2005@yahoo.com,,NC,Veteran
572660,Annie,Gillon,+19842391465,anniegillon@yahoo.com,Raleigh,NC,Veteran
674594,william,patten,8285576739,bandlpatten@frontier.com,,NC,Veteran
754980,Rosemary,Scott,9102617203,scottfamily1097@yahoo.com,,NC,Veteran
524745,Miranda Jo,Paugh,9804968099,wonderlandbeautymp1@gmail.com,,NC,Veteran
754981,Benita,Goldston,3365551212,msbgoldston@yahoo.com,,NC,Veteran
754984,Maurice,Sneed,3479579494,giadinakem15@gmail.com,,NC,Veteran
754983,Bill,Duke,2525320434,billytravels@gmail.com,,NC,Veteran
754988,Armand,Gentes,9194123888,armand_gentes@hotmail.com,,NC,Veteran
657411,judy collins,collins,3369085626,judycollins753@gmail.com,,NC,Veteran
412890,Kathy,Ramseyer,3862168906,Classicalconst@hotmail.com,Charlotte,NC,Veteran
523513,Alan,Larson,9194507314,soulsinger18@gmail.com,,NC,Veteran
588561,Doug,Cifers,9198689759,dougciferssr@gmail.com,Raleigh,NC,Veteran
575831,Kristal,Wilson,+15152694919,wilsonkristal@yahoo.com,Wendell,NC,Veteran
727153,Jeffery,Scott,9108689288,fffmchurch@twc.com,,NC,Veteran
673405,Gerald,Blackmon,2524324793,airwolfgerald7@aol.com,,NC,Veteran
727124,Frederick,Sinceno,9105837199,fsinceno02@yahoo.com,,NC,Veteran
574712,Chelly,James,+17087740407,Chellyjames7@gmail.com,Albemarle,NC,Veteran
727231,Suwanda,Anderson,2527410326,suwandaanderson4@gmail.com,,NC,Veteran
728259,Carol,Simps,3362945994,carolcna58@aol.com,,NC,Veteran
411208,Cody,Price,9105467107,mrpricexcvii@gmail.com,Spring Lake,NC,Veteran
636006,Linda Lane,Patnaude,7276427367,llpatnaude@gmailmail.com,,NC,Veteran
727994,Chad,Blackman,3363543596,blackman.chad@gmail.com,,NC,Veteran
411384,Bruce,Donahue,2196142330,Adpptedson@twc.com,Charlotte,NC,Veteran
653170,Sandra,,+17044525687,patricelong55@gmail.com,Charlotte,NC,Veteran
728051,Joseph,Oliver,9193273080,Army1311@gmail.com,,NC,Veteran
588319,Gordon,Breitenbach,+19197106226,pbreitenr@gmail.com,Garner,NC,Veteran
582528,James,Pride,+17047120791,jamespride49@icloud.com,Charlotte,NC,Veteran
412908,James,Waller,3364792805,jhwaller25@yahoo.com,null,NC,Veteran
411302,Charles,Berthiaume,9782272541,berthiaumecharles3@gmail.com,Benson,NC,Veteran
410600,Jim,Williams,7047132517,hoghunter@gmail.com,Lexington,NC,Veteran
727992,Yvonne,Roberts,8044794957,d41sussi@gmail.com,,NC,Veteran
755066,Charles,Bradner,9103939130,crbradner@aol.com,,NC,Veteran
411097,George Maris,George Maris,3369707387,georgeomaris@gmail.com,WINSTON-SALEM,NC,Veteran
590282,Nick,Graham,+17045474718,nnickg11@gmail.com,Charlotte,NC,Veteran
590288,Hazel Janet,DuBois,+19125314256,jdubois47@yahoo.com,Winston Salem,NC,Veteran
590292,Derek,Taylor,+19806229115,derektaylor84@gmail.com,Kannapolis,NC,Veteran
588276,justina,nolan,+12153597134,roggeavernit2wgms@hotmail.com,Charlotte,NC,Veteran
728046,Susan,Wilbanks,9803290457,susanw456@bellsouth.net,,NC,Veteran
728258,willie,jackson,7042228824,fourjack@live.com,,NC,Veteran
640679,ERNEST,RUGGIERO,9105233102,ernest-692011@hotmail.com,,NC,Veteran
633459,Tim,Dickerson,3364177224,tim.dickerson9@gmail.com,,NC,Veteran
646634,Victor,Teem,8287368322,victeem1@gmail.com,,NC,Veteran
728460,Len,Schilling,9103386036,Firstcavalry@hotmail.com,,NC,Veteran
622556,Kent,Greene,7044952758,ckgreene5@gmail.com,,NC,Veteran
576207,Johnny,Stroud,+12525267984,johnnystroud46@yahoo.com,Kinston,NC,Veteran
639720,Pamela,Miller,9102172092,pamelamiller986@gmail.com,,NC,Veteran
658238,Robin,Bevis-Longinotti,8282061799,paws2plz@yahoo.com,,NC,Veteran
653799,Ronny,Douglas,3367565053,RonnyDouglas5252@gmail.com,,NC,Veteran
832735,Goober,mcgee,223344556,goobermcgee@somewhere.com,,NC,Veteran
618479,Vickie,Ingle,8287681699,wvem@att.net,,NC,Veteran
730136,Angela,Norris,9105919700,angeladawnnorris78@icloud.com,,NC,Veteran
914238,Orlando,Gruber,9106177168,bankerguy48@gmail.com,,NC,Veteran
668413,Mmadel4210,Gran,9197846792,madeleinejgrano@gmail.com,,NC,Veteran
735678,George,Gordon,8502599227,mastergdg1964@gmail.com,,NC,Veteran
735679,Gregory,Davis,2524174665,lulajane1931@gmail.com,,NC,Veteran
862105,Kat,Koutroubas,8282188198,katk_70@hotmail.com,,NC,Veteran
626841,John,Kavanagh,8287199312,cinaber@hotmail.com,,NC,Veteran
635865,Joseph,Slovensky,8179018738,slovensky77@gmail.com,,NC,Veteran
730152,Saliha,Bennett-Halici.,9194914888,salihabennett@yahoo.com,,NC,Veteran
661480,Michele,Smart,2015897409,smartmichele497@gmail.com,,NC,Veteran
729966,Grace,Thomas,8285595175,percacet1954@gmail.com,,NC,Veteran
646710,Tonisha,Gorham,2524068525,gorhamtonisha04@gmail.com,,NC,Veteran
647289,James,Shull,9199352742,giftshul@hotmail.com,,NC,Veteran
828835,Alicia,Crockett,3367837620,simpsonstayhustlin@gmail.com,,NC,Veteran
730117,Cherry,Cannon,9195920641,cherrycannon830@gmail.com,,NC,Veteran
730042,John,Lufkin,7046309073,Lufkink8@gmail.com,,NC,Veteran
731944,Jennifer,Chrysson,3367655324,chryssons@aol.com,,NC,Veteran
638561,Linda,Wanzer,2407025567,lindajwanzer@gmail.com,,NC,Veteran
628234,Caiphus,Rice,3369950335,peezee03@gmail.com,,NC,Veteran
523372,frank,sumrall,9196025497,frankandterisa@yahoo.com,,NC,Veteran
730134,charlotte,connor,9107534015,charltte54@aol.com,,NC,Veteran
730177,crystal,brinson,2525253628,crystalbrisinson23@gmail.com,,NC,Veteran
673411,Gus,Top,555563556,Gustop88@gmail.com,,NC,Veteran
670924,Kenneth William,Griesman,6316972019,kgriesman1969@gmail.com,,NC,Veteran
827974,Deb,Jarrett,9195085487,debbyjarrett848@gmail.com,,NC,Veteran
670216,Paul,Croy,8472269048,pauljcroy@gmail.com,,NC,Veteran
647481,Shalimar,Dodd,9103997016,shalimardodd803@gmail.com,,NC,Veteran
639729,Sharon,Shue,7049637385,wheelersharon230@gmail.com,,NC,Veteran
662459,SILAS,FISHER,5128481744,sfisher@walshgroup.com,,NC,Veteran
633468,Deangelo,Chisholm,9194300936,Dlogotthejuice1995@gmail.com,,NC,Veteran
673459,George,Rose,9104707600,gbrose@charter.net,,NC,Veteran
667830,Shirley,Price,2522177730,smprice2003@yahoo.com,,NC,Veteran
625679,Kenneth,Kola,91033939084,skyhawkagain8@gmail.com,,NC,Veteran
665488,Aurellia,Riley,9062814660,Arr49930@gmail.com,,NC,Veteran
626326,glenn,barber,8287814620,glennbarber58@gmail.com,,NC,Veteran
660964,Anthony,Smith,8286383594,aes8120@gmail.com,,NC,Veteran
652140,Richard,Diescher,8283490300,mimilineman@gmail.com,,NC,Veteran
694876,Connor,Gilliland,7737069761,steveirwin9761@gmail.com,,NC,Veteran
641299,Glenna,Maynard,7576812918,glennacatgirl@gmail.com,,NC,Veteran
626843,wendessa,rice,9105789395,ricewendessa90@gmail.com,,NC,Veteran
731906,Jennifer,Ponder,9105471964,jaelea331@aol.com,,NC,Veteran
736389,Christina,Lassiter,9199386817,christinalassiter69@gmail.com,,NC,Veteran
636138,Charlene,Shaw,9102244073,cha961@yahoo.com,,NC,Veteran
657043,Larry,Howell,2522175560,lh25919901@Email.comm,,NC,Veteran
652098,Darryl,Burgan,9107536262,Dburgan910@gmail.com,,NC,Veteran
618014,David,Beaver,9104737179,area5115058@gmail.com,,NC,Veteran
741660,Robert,Patterson,9105458366,brendapatterson19@yahoo.com,,NC,Veteran
658756,David,Lambertsen,8178804202,patriot.ddl@gmail.com,,NC,Veteran
731938,Conya,Thorpe,9195900733,conyafaye@gmail.com,,NC,Veteran
733429,EDWARD,DOBBERSTEIN,8283896729,REELDREAMS@BELLSOUTH.NET,,NC,Veteran
722811,Charlie,Fromveal,9199950480,cfrom@msn.com,,NC,Veteran
669206,Todd,Johnson,8285578039,elf1945@yahoo.com,,NC,Veteran
734884,JAMES,RAWLS,2525788692,JAMESRAWL5209@YAHOO.COM,,NC,Veteran
656823,Charles,Austin,9103303865,gyaustin98@gmail.com,,NC,Veteran
731963,Maurice,mccray,2522892161,mauricemccray41@gmail.com,,NC,Veteran
656826,Elizabeth,Done,986416464,yourmom@yahoo.com,,NC,Veteran
734892,WILLIE,FERGUSON,2525324453,,,NC,Veteran
668293,Tammie,Plemmons,3363419073,taplemmons7@gmail.com,,NC,Veteran
734902,DAVID,MCQUEEN,8287364572,,,NC,Veteran
615628,James,Luther,3363098209,byronluther40127@gmail.com,,NC,Veteran
733688,ANTHONY,PIOLI,9082083238,MEGKERPER@ICLOUD.COM,,NC,Veteran
616291,Deborah,Hastings,7062445722,dshastings53@gmail.com,,NC,Veteran
733589,LuAnne,Reed,9107504594,lrbrat@hotmail.com,,NC,Veteran
733586,Doris,Valine,7575671526,valinedoris1@gmail.com,,NC,Veteran
662330,William,Green,9192936799,peegees294@yahoo.com,,NC,Veteran
619253,Mark,Bodrick,2404620311,mrbgarcia1963@gmail.com,,NC,Veteran
734893,JANCE,MOODY,2525355827,,,NC,Veteran
733583,Decarlous,Barnes,9842944588,bdecarlous@gmail.com,,NC,Veteran
734896,CHARLIE,MCCULLOUGH,8282263140,,,NC,Veteran
631172,Walter,Stevens,3367071767,nanaandalexander0818@gmail.com,,NC,Veteran
734901,WARREN,DUPREE,8285082657,,,NC,Veteran
619613,Melissa,Rodriguez,9107230517,Melyrod143@gmail.com,,NC,Veteran
821030,Elizabeth,Marshall,9192424583,bethipooh4@aol.com,,NC,Veteran
668976,Ivory,Purnell,7049778400,Bluework1214@gmail.com,,NC,Veteran
648253,Jerrold,Evington,3368803738,jmevington@gmail.com,,NC,Veteran
677015,JUDY,RAMSEY,8285147420,judymmoody57@gmail.com,,NC,Veteran
646889,Angela,Freeman,2523143387,angela.a.freeman@gmail.com,,NC,Veteran
823200,Frank,Goodson,8282427235,frgood65@gmail.com,,NC,Veteran
734897,AMY,CLARK,8283421063,,,NC,Veteran
412726,Deborah,Williams,3363423736,Dwilliams5346@gmail.com,Reidsville,NC,Veteran
593263,Michael,Bethea,9102864262,betheamichael@gmail.com,,NC,Veteran
914330,Margie,Southern,3367052863,margiesouthern402@gmail.com,,NC,Veteran
734895,PHILLIP,FRYER,2526466790,,,NC,Veteran
635703,Marven,Jones,3362645343,laura10567@gmail.com,,NC,Veteran
694017,Aiyana,Roman,5555555556,princessaiyana816@gmail.com,,NC,Veteran
411034,Rolando,de Leon,9108085319,ulearn2sing@gmail.com,FUQUAY-VARINA,NC,Veteran
635702,Robert,Foxworth,3368708146,BobFoxworth@iCloud.com,,NC,Veteran
865602,Gh,Djd,565686568,djsjejsj@djddjd.com,,NC,Veteran
658467,Stacy,Kennedy,9108496485,stacyks18@icloud.com,,NC,Veteran
669717,Gary,Castor,7047010764,surenityrose@gmail.com,,NC,Veteran
647478,Eugene,Croom,9106120554,croomgene@gmail.com,,NC,Veteran
412759,Monica,Wilmouth,2523302264,monicaleigh.williams@gmail.com,Camden,NC,Veteran
736296,Karhy,Curl,3363433593,kathleenyvo1953@yahoo.com,,NC,Veteran
800539,Kenneth,Burnett,3369874243,kennethburnett9@gmail.com,,NC,Veteran
736181,Israel,Jones,9192981383,issy17361@gmail.com,,NC,Veteran
651065,William,Emigh,2522638641,swampbilly46@gmail.com,,NC,Veteran
411908,Ronald,Weaver,9102704491,ronoldman@hotmail.com,Hampstead,NC,Veteran
916447,joseph,lodato,2526571311,aerocats79@yahoo.com,,NC,Veteran
737517,Ericka,Huffman Mccrain,8283907949,erickamccrain@gmail.com,,NC,Veteran
633454,Toney,Evans,2527016283,toneyevans399@gmail.com,,NC,Veteran
671165,John,Stelma,2522594315,jtstelma505@gmail.com,,NC,Veteran
672038,Leroy,Easter,3364166302,leroyeaster55@gmail.com,,NC,Veteran
592671,Sharon,Barnes,9197795973,barnessharon@hotmail.com,,NC,Veteran
773040,kaye,jones,7049969882,jmjzone01@aol.com,,NC,Veteran
763045,Larry,James,3362604348,lj2498581@gmail.com,,NC,Veteran
916449,Earnie,Robinson,7046449580,earnierobinson0@gmail.com,,NC,Veteran
622175,Phyllis,Watson,4344256128,phyl.watson@mail.com,,NC,Veteran
748588,Judy,Moore,4124279631,jamoore1113@yahoo.com,,NC,Veteran
656751,Dawn,Brown,3365544767,deeshelly1@gmail.com,,NC,Veteran
819154,William,Ammons,8288031058,Louis.ammons55@gmail.com,,NC,Veteran
654777,Walter,Thomas,2523963742,jayj0702@aol.com,,NC,Veteran
653936,Robert,Savage,9105239122,coloringkelleync@gmail.com,,NC,Veteran
772387,Robert,Harling,9109867393,bobharling1@gmail.com,,NC,Veteran
763762,HAL,HARLESS,3364062130,HARLESSH@GMAIL.COM,,NC,Veteran
614081,Paul,Severt,8283681557,paulsevert123@gmail.com,,NC,Veteran
771483,Dr. Timothy,Rogers Sr,9515871542,timothyrogers19@yahoo.com,,NC,Veteran
772889,Cindy,Moore,8282910468,Cmms07132014@gmail.com,,NC,Veteran
762978,ELWIN,RAPP,2522642110,,,NC,Veteran
627839,Terri,Allen,2528085577,summermace2023@gmail.com,,NC,Veteran
763764,DENNIS,ROUPE,3134337198,,,NC,Veteran
662492,Anthony,Curry,7047016848,wisecat71@hotmail.com,,NC,Veteran
641020,Patrick,Desmond,9103747051,pdesmond@nc.rr.com,,NC,Veteran
638732,rachel,Barton,9842599063,RachelBarton355@gmail.com,,NC,Veteran
640688,Anthony,Champion,9103822926,anthony.champion1@outlook.com,,NC,Veteran
763768,JAMES,FIELD,9802232164,CCCBFIELD@HOTMAIL.COM,,NC,Veteran
581843,theodore,graves,3362123671,tgravesram77@gmail.com,Graham,NC,Veteran
665321,brian,Stiles,9802466385,brianstiles1981123@gmail.com,,NC,Veteran
625444,Buddy,Hylton,3366029463,buddynhylton@gmail.com,,NC,Veteran
658356,Gary,Mitchell,7043498092,gmitchell1589@gmail.com,,NC,Veteran
643947,Philip,Guistwite,7179260001,pjguistwite@gmail.com,,NC,Veteran
772427,Jeff,Marshburn,9103333736,Jeffmarshburn60@gmail.com,,NC,Veteran
771528,Darrell,McLemore,3364035820,Babycakes@triad.rr.com,,NC,Veteran
411052,Robert,Arnold,2528235453,maryweep@aol.com,Tarboro,NC,Veteran
668187,jerry,Pickett,3362501198,jpickett2@triad.rr.com,,NC,Veteran
412279,Gerard,Ramos,7049584721,peepachu@gmail.com,Charlotte,NC,Veteran
660295,Deana,Card,2523784659,deanahcard@gmail.com,,NC,Veteran
813985,Xhoppa.BD,Walkerking,3362769085,xhoppaboy5.0@gmail.com,,NC,Veteran
662097,JOSEBECERRIL480@GMAIL.COM,JOSEBECERRIL480@GMAIL.COM,2524951428,JOSEBECERRIL480@GMAIL.COM,,NC,Veteran
669969,Samuel,Widemon,3368400375,swidemon8@gmail.com,,NC,Veteran
659625,Connie,Zahler,9197661604,eliyonmelchizedek@aol.com,,NC,Veteran
647280,Mathew,Boggs,3367259692,mathew.boggs@gmail.com,,NC,Veteran
772389,Tonya,Richards Campbell,2525400062,tonyacampbell848@gmail.com,,NC,Veteran
772836,Josie,Faue,3362578949,vestentri@gmail.com,,NC,Veteran
590835,Jeanifer,Marion,+13367551082,marionjeanifer@yahoo.com,Mount Airy,NC,Veteran
647456,Jorand,Anderson,2525261370,jorandanderson@gmail.com,,NC,Veteran
772463,Eleanor McIntyre,McIntyre,8435915845,emcintyre843@gmail.com,,NC,Veteran
656975,William,-Nieratko,9105757436,nackypc@gmail.com,,NC,Veteran
619503,Nancy,Cooper,2527998868,johnancy37@gmail.com,,NC,Veteran
772608,Albert,Markham,9192741854,markham_albert@yahoo.com,,NC,Veteran
772727,William,Brockett,9103030191,dbrockett@nc.rr.com,,NC,Veteran
765426,John,Winn,3364599062,johnrenee64@gmail.com,,NC,Veteran
766289,Martha,Owenby,8286555211,burgessmartha057@gmail.com,,NC,Veteran
765517,David,Lyle,7574519229,dlyle0416@gmail.com,,NC,Veteran
765087,Curtis,Williams,7048048106,grovercwilliams@yahoo.com,,NC,Veteran
766288,KENITH,WILLIAMS,2523141618,SKINNER948@GMAIL.COM,,NC,Veteran
648170,Crystalrenee,Saunders,9109871179,crscrubs2016@yahoo.com,,NC,Veteran
771641,Walter,Caffrey,9103189302,stash8622@gmail.com,,NC,Veteran
765525,James,Smith,9105393308,theliasmith4.ts@gmail.com,,NC,Veteran
765421,DWAYNE,Cherry,2527991025,cherrydfc133@gmail.com,,NC,Veteran
686605,Clarence,Prince,3366956592,clarencp1@gmail.com,,NC,Veteran
668347,Don,Larson,9107093520,nckolohe2@aol.com,,NC,Veteran
765450,Timothy,Sinclair,9108647417,Timsinclair@yahoo.com,,NC,Veteran
765103,Jim,Hestikind,7043612100,puttone42@yahoo.com,,NC,Veteran
765521,John,Carbone,9143294553,jcarbone622@gmail.com,,NC,Veteran
765194,David,Hart,3368700124,ssghart64@yahoo.com,,NC,Veteran
412775,John,Wiley,3366189952,jo.wiley1962@gmail.com,Winston Salem,NC,Veteran
765146,Brooke,Hardister,3365965156,brookehardister@yahoo.com,,NC,Veteran
661729,Elijah,Mullins,9106760523,Mullins910@aol.com,,NC,Veteran
658617,Tom,Trull,8283604918,ttrull1946@gmail.com,,NC,Veteran
677043,Phillip,Schneider,7049252052,doggface1156@gmail.com,,NC,Veteran
765503,Wyvonnie,pauling,7045164076,catcobb81@live.com,,NC,Veteran
765510,Tj,Moore,7048400617,tj200196@gmail.com,,NC,Veteran
765121,Durwood,Lewis,2525369650,waytronics1@aol.com,,NC,Veteran
411906,Grace Marie,Walters,9107362792,19775557@gmail.com,Rowland,NC,Veteran
659704,Patricia,Parks,8145770231,pparks599@gmail.com,,NC,Veteran
687675,Dennis,Curtis,9108136416,usarid@gmail.com,,NC,Veteran
765030,John,Smith,2529753397,johnwsmith913@gmail.com,,NC,Veteran
829766,Shashaunna,Quattlebaum,4704242044,Queensbq45@gmail.com,,NC,Veteran
765459,Dex,Howell,7605211273,dex.howell@yahoo.com,,NC,Veteran
662458,Darrell,Myers,3362145855,dmyers@twinlakescomm.org,,NC,Veteran
765147,Tammy,Hayman,8282704860,dhiatt2020@gmail.com,,NC,Veteran
656733,Jill,Perdue,3362034567,Jillperdue66@gmail.com,,NC,Veteran
656498,Cora Sue,Frazier,8284354831,Corasuesarver@gmail.com,,NC,Veteran
765528,Deborah,Long,9102240070,longdeborah1965@gmail.com,,NC,Veteran
660280,Hosea,Davis,9176044781,hoseadavis@gmail.com,,NC,Veteran
764123,Vernon,MCDONALD,9102323124,towtruck400@gmail.com,,NC,Veteran
766279,EDWARD,ROPER,8609494624,,,NC,Veteran
766296,WILLIAM,CASEY,9192522128,,,NC,Veteran
765119,Jennifer,Byrd,8282908102,jsbyrdbeasley1@gmail.com,,NC,Veteran
664256,DOUGLAS,Sherrow,7045451204,douglassherrow@yahoo.com,,NC,Veteran
666109,Eric,Simmons,2526702905,ericb28560@yahoo.com,,NC,Veteran
594993,Lynn,Amenhauser,2155715502,lynnh1988@yahoo.com,,NC,Veteran
765415,Lisa,Robinson,9105815865,sunnidreemr@yahoo.com,,NC,Veteran
660003,Marvin,Holland,3478046982,iammarvinholland@gmail.com,,NC,Veteran
765455,Randy,auton,3368777517,tarheelblueridge@gmail.com,,NC,Veteran
766278,STEVE,CRONK,2034940265,,,NC,Veteran
524804,Keith,Poulin,2073412152,kpoulinhandymanservice@hotmail.com,,NC,Veteran
765460,christon,parouse,5165877260,parousec@gmail.com,,NC,Veteran
622472,Daniel,Clark,2099867119,daniel.clark846@gmail.com,,NC,Veteran
646991,Michael,Petway,2522999394,petwaymichael7@gmail.com,,NC,Veteran
638623,Kevin,Welch,9806662349,kevinwelch163@gmail.com,,NC,Veteran
658406,Tammy,Stanley,7042320789,stanley35@gmail.com,,NC,Veteran
733823,JAMES,ROBINSON,7047263046,,,NC,Veteran
830517,Dale,Hutchinson,2522582872,hdale7335@gmail.com,,NC,Veteran
411706,ramesh,rishnamoorthi,9194639329,rhamesh@hotmail.com,Morrisville,NC,Veteran
766291,CECIL,FAISON,2525371855,BCFAISON129@CHARTER.NET,,NC,Veteran
662305,Darden,Eure,639178995975,darden@bridgerelo.com.ph,,NC,Veteran
411859,Henry,Rasberry,9843235386,hrasberry1@aol.com,Goldsboro,NC,Veteran
411878,Terrace,Wilkerson,9194910195,terrace.winstead@yahoo.com,Roxboro,NC,Veteran
765511,Billy,Reeves,8286101294,reeves.billy@yahoo.com,,NC,Veteran
766948,Shelton,Richmond,9102032770,Sheltonrichmond219@icloud.com,,NC,Veteran
766295,AL,WHITFIELD,9193443364,,,NC,Veteran
765531,Edith,Davis,2528221694,edithdavis1721@gmail.com,,NC,Veteran
667966,Kelly,Edwards,9197920664,robert.blckwlf@gmail.com,,NC,Veteran
766287,WILLIE,MOSELEY,2523261056,,,NC,Veteran
766273,William,Buonanno,2529456587,laikhe@embarqmail.com,,NC,Veteran
765170,Barbara,Leftwich,3366483307,bleftwich7835@gmail.com,,NC,Veteran
767086,Edward,Sanders,2523502554,edwardsanders736@gmail.com,,NC,Veteran
765526,Brittany,Smith,5402438048,burtney2005@gmail.com,,NC,Veteran
412766,Dorothea,Williams,2529165986,dorotheaywilliams@gmail.com,Greenville,NC,Veteran
766275,Marilyn,Riggs,9106209672,mriggs1208@gmail.com,,NC,Veteran
616341,Danny,Miller,7042443729,dmi2495018@gmail.com,,NC,Veteran
592506,John,Murphy,9108236385,kellyjrmurphy640@gmail.com,,NC,Veteran
670680,Wayne,Spearman,9105849753,wspearman415@gmail.com,,NC,Veteran
766301,WILLIAM,HANSON,9197783586,,,NC,Veteran
593600,Peter,Messina,7574499443,rooffxr@yahoo.com,,NC,Veteran
766299,LAURIE,STENSLAND,9192222015,,,NC,Veteran
572661,Krystal,Johnson,9107052067,kailenmom@yahoo.com,Raeford,NC,Veteran
659780,Jimmy,Iverson,9102573751,jiverson1@nc.rr.com,,NC,Veteran
682645,Evelyn,West,9107606862,ewandrw@gmail.com,,NC,Veteran
765509,Guy,Murrell,2523422888,gymurrell@gmail.com,,NC,Veteran
694212,Liam,Mcdowell,8289891074,mcdowelllw98@students.wcde.org,,NC,Veteran
766935,Basil,Murfree,9192599506,g.murfree25@gmail.com,,NC,Veteran
835558,CHRISTOPHER,Groninger,8439975640,chrisgroninger44@gmail.com,,NC,Veteran
766285,EDWIN,SILVER,2525868404,,,NC,Veteran
766274,WILLIAM,BEASLEY,3208947362,,,NC,Veteran
675663,Kyer,Elam,7042478154,kyerelam@gmail.com,,NC,Veteran
673707,Martin,Steven,9198586780,sjjnamartin@gmail.com,,NC,Veteran
692259,Cindy,Calabro,3034729748,ccalabro46@yahoo.com,,NC,Veteran
824923,Yessica,Miranda,9102241359,ymiranda1996@gmail.com,,NC,Veteran
411917,Victor,Williamson,9197916816,gemewill@nc.rr.com,Raleigh,NC,Veteran
766302,GERALD,BLOOMER,2529331679,,,NC,Veteran
668894,Juliann,Fosmer,2523494715,juliannfosmer69@gmail.com,,NC,Veteran
693544,Kathia,Robinson,9195808633,robinsonkathia@gmail.com,,NC,Veteran
658078,Peter,Hall,9192992677,Peterpennhall@hotmail.com,,NC,Veteran
638446,Eldon,Runge,8284698410,dlsrunge512@gmail.com,,NC,Veteran
766793,Austin,Hester,9105146700,hesteraustin05@gmail.com,,NC,Veteran
768460,Donnie,Eason,5595152995,dleason56@icloud.com,,NC,Veteran
678535,Vincent,Feoranz,9736415432,vincefeoranz@aol.com,,NC,Veteran
686408,debra,hartman,3364450048,rockhillw1967@gmail.com,,NC,Veteran
669471,Rashad,Ali,2527236352,rashad@coastslnet.com,,NC,Veteran
658351,Archie,Bright,9105150636,abbright1@gmail.com,,NC,Veteran
667960,Ricky,Snead,9843834568,sneadricky28@gmail.com,,NC,Veteran
804813,Sandy,Robson,9103311380,robsonsandy@yahoo.com,,NC,Veteran
767738,Dianna,Eller,8285040067,diannaeller5@gmail.com,,NC,Veteran
911431,Howard,Long,7048885633,Billy1short@gmail.com,,NC,Veteran
654402,Georgia,Gaskins,2525148799,georgiagaskins@yahoo.com,,NC,Veteran
622542,Tracy,Rich,8286408337,tracyrich0170@gmail.com,,NC,Veteran
669553,Clay,Burtts,9109166463,ctburtts@ec.rr.com,,NC,Veteran
665589,Joanna,spielman,2524210246,stinnetttjoanna@comcast.net,,NC,Veteran
768481,Jack,McCann,9105158404,Jack.mccann@outlook.com,,NC,Veteran
767601,Mark,Carter,3369633309,mcart171@yahoo.com,,NC,Veteran
804761,David,Smith,3362409419,dorissmith1119@gmail.com,,NC,Veteran
767707,Emilee,Bunn,8142485844,1513emmy@gmail.com,,NC,Veteran
647510,William,Whitehart,3369069310,billwhitehart@yajhoo.com,,NC,Veteran
658809,Pamela,Daigle,4073521328,pamelad0419@gmail.com,,NC,Veteran
659753,Teresa,Harper,9103167857,tdcummings210@yahoo.com,,NC,Veteran
767736,Melissa,Hall,2697768119,kevmylove1978@gmail.com,,NC,Veteran
616285,Esther,Sawyer,3369400690,esthersaw37@gmail.com,,NC,Veteran
686286,Brenda,Karakowski,3362507223,bkarakowski@gmail.com,,NC,Veteran
668215,Clevie,Lovett,9107281254,nursecleviel@yahoo.com,,NC,Veteran
654450,Lorreen,Bixby,9192885388,schpea53@gmail.com,,NC,Veteran
412825,Elbert,Whitehead,2524690952,wbsrs@yahoo.com,Rocky Mount,NC,Veteran
767853,Duke W,C,7044604080,carpd_b10868@bellsouth.net,,NC,Veteran
767655,Jeanne,Gardner,9102329613,jeannie9613@gmail.com,,NC,Veteran
767689,Chris,Pender,2522895886,blck9012@gmail.com,,NC,Veteran
768473,Paul,Moore,2034347968,paulmoore69pm.pm@gmail.com,,NC,Veteran
768118,JAMES,RATH,2526260631,,,NC,Veteran
914258,Karen Perkins,Perkins,9102339572,karpatiap@gmail.com,,NC,Veteran
692460,Sam,Nevarez,9106195348,la61sam@yahoo.com,,NC,Veteran
521844,Kenneth,Little,8285682697,kenneth_little_54@yahoo.com,,NC,Veteran
412050,Gordon,wilson,8282318364,ghwilson2001@yahoo.com,Arden,NC,Veteran
661744,Urusla,Marable,2523622227,Marableurusla@yahoo.com,,NC,Veteran
767808,Shivani,Tatineni,9194342778,shivanitatineni@gmail.com,,NC,Veteran
767552,Barbara,Hill-Nobles,9106414107,noblesbarbra1@gmail.com,,NC,Veteran
659899,Avera,Whitley,7049858161,averaandsarahwhitley@icloud.com,,NC,Veteran
767681,David,Cunningham,2527176422,davidcunningham531965@gmail.com,,NC,Veteran
768540,Cephus,Worrell,2529553658,ctwprrell46@yahoo.com,,NC,Veteran
668357,Wesley,Williams,8034099397,mrweswilliams@aol.com,,NC,Veteran
767551,Dawn,Thomas,3368809621,Dawnre78@icloud.com,,NC,Veteran
921234,Patricia,Wilson,2525371983,Knowingme47@gmail.com,,NC,Veteran
676674,Terence A.,Farrar,3362532509,revfarrar50@yahoo.com,,NC,Veteran
767869,Rachel,Caldwell,8285675619,rachelingalls441@gmail.com,,NC,Veteran
767693,Tina,Johnson,8283850369,tinaj_2004@yahoo.com,,NC,Veteran
751369,James,Hoffman,3366087315,Usecautionjim45@gmail.com,,NC,Veteran
769441,JOSEPH,ANDERSON,9802370208,JBEBANDER@OUTLOOK.COM,,NC,Veteran
652975,William,Campbell,3362391388,campbellw1955@gmail.com,,NC,Veteran
767638,Kevin,Morgan,9102659509,68kmorgan1955@gmail.com,,NC,Veteran
767645,Charles,Tyler,2522594192,Coolcluv129@gmail.com,,NC,Veteran
670995,Glenn,Autry,8436024199,Gautry@coastalforgetransportllc.com,,NC,Veteran
661848,Lisa,Sharp,3364950951,hutchenssusan08@gmail.com,,NC,Veteran
658755,Kenya,Nkhrumah,9172254746,krxn11@gmail.com,,NC,Veteran
767718,Cheryl,Muraida-Bedford,2522672742,tupfresh@ymail.com,,NC,Veteran
670943,George,Donahue,9102698080,seatrails@outlook.com,,NC,Veteran
767646,Veronica,NealMeal,3363177155,annneal699@gmail.com,,NC,Veteran
767887,Bettyy,Jordan,9199203589,jordan1980@gmail.com,,NC,Veteran
768492,Randy,Moore,2526706856,rkm46@hotmail.com,,NC,Veteran
769530,ANDREW,VANVAKIAS,2072332858,,,NC,Veteran
804742,Glen,Hikarip,8286609052,hikaripglen@gmail.com,,NC,Veteran
769421,IRIS,LEGGE,9736345112,,,NC,Veteran
410568,Charlene,High,2522905602,charlenehigh5@gmail.com,,NC,Veteran
768554,Leslie,Christopherson,7045300761,fallenangel0066@gmail.com,,NC,Veteran
680846,Aaron,"Christian, Jr",9194577431,achristian36@gmail.com,,NC,Veteran
613159,Robert,Owens,3365427368,OWENSRC81@GMAIL.COM,,NC,Veteran
665726,Jerome,taylor,8562788065,kato20212023@outlook.com,,NC,Veteran
768462,Richard,Roberts,7702967975,Joanneroberts79@gmail.com,,NC,Veteran
769870,EUGENE,TRACY,3362348523,,,NC,Veteran
768504,William,Reid,3363409641,will.h.reid9974@gmail.com,,NC,Veteran
772678,Ronald,Alston,9843106782,ronaldalston1950@gmail.com,,NC,Veteran
768568,Mia,Phillips,9804161028,miaphillips1979@gmail.com,,NC,Veteran
768520,Charisse,Waters,9103404514,butterpop6159@yahoo.com,,NC,Veteran
768471,Jimmy,Blount,9194404515,blount1704@gmail.com,,NC,Veteran
636000,melissa,Stokes,7046999324,melissamozelle@gmail.com,,NC,Veteran
769589,Deborah,TAYLOR,3363066752,debbtaylor60@gmail.com,,NC,Veteran
769653,Carl,Glenn,3368285049,dsmith101766@yahoo.com,,NC,Veteran
722640,James,Silver,8282082702,silverjames719@gmail.com,,NC,Veteran
768527,Judah,Person,2522678019,japerson42@gmail.com,,NC,Veteran
769649,DAVE,BEHLIN,2525414010,,,NC,Veteran
769795,SUSAN,WATTERS,8087560670,,,NC,Veteran
768468,Peggy,Stepp,8286990936,pegstepp@att.net,,NC,Veteran
670769,Margaret l,Stepp,8286990936,KevNPeg2000@att.net,,NC,Veteran
411912,Marie,Wilson,9108934030,mariewilson2795@yahoo.com,Bunnlevel,NC,Veteran
845999,Jake,Paul,222111444,himyemailsis123@4821.com,,NC,Veteran
769625,Judy,Craven,8283027505,judycraven76@yahoo.com,,NC,Veteran
769440,ROBERT,BELL JR,7322674337,RTBELL5420@GMAIL.COM,,NC,Veteran
768541,Will,Willis,2522417302,williswl6307@gmail.com,,NC,Veteran
768546,Jack,Clayton,9106200204,jcschevy@aol.com,,NC,Veteran
769689,JAMES,BROOKS,2527257861,JARABROOKS04@GMAIL.COM,,NC,Veteran
768478,Robert,Fuller,9802303746,raheemfuller@yahoo.com,,NC,Veteran
412285,George,Washington,7046070741,mr.ggwashington@yahoo.com,Charlotte,NC,Veteran
676623,William,Ellis,8284936860,ellishunting@gmail.com,,NC,Veteran
663642,ERIC,BROWN,9194327458,ebfam@msn.com,,NC,Veteran
769639,David,Yeoman,3524582176,poppayeo@gmail.com,,NC,Veteran
771577,Robin,Stratton,3364095335,robinstratton5075@gmail.com,,NC,Veteran
614146,John Clutch,Hogan Jr.,8289254868,johnhoganjr.1550@gmail.com,,NC,Veteran
410584,Ramon,Caraballo,3368805740,rcaraballo96@yahoo.com,High Point,NC,Veteran
412273,Nathaniel,Washington,7037891109,abnpops36@gmail.com,Raleigh,NC,Veteran
679188,Nick,Turner,3365963508,nancyfre@aol.com,,NC,Veteran
648088,James,Martin,8287759486,gregmartin484@gmail.com,,NC,Veteran
768486,Ken,Mills,2019067414,kenmills1503@gmail.com,,NC,Veteran
652194,darrin,stilwell,8284132954,stilwelldf439@gmail.com,Morganton,NC,Veteran
648188,Toney Thomas,thomas,9842963337,tontho762@icloud.com,,NC,Veteran
771400,ben,ferris,8082387352,ferrisbenjamin5@gmail.com,,NC,Veteran
654731,Susan,Bunnell,3367063034,smbunny@yahoo.com,,NC,Veteran
819424,Perry,Click,9803314236,perryclick39@gmail.com,,NC,Veteran
768553,Bruce,Stevenson,9195392901,bsteven459@aol.com,,NC,Veteran
771068,Barry Danforth,Barry Danforth,2523386577,bdanforth60@outlook.com,,NC,Veteran
770593,Bob,Grimm,7049075446,grimm.bobbylee@yahoo.com,,NC,Veteran
769527,Jim,Allen,3366762739,Jahmess1956@gmail.com,,NC,Veteran
769671,Colon,James,9109731549,colljames712@gmail.com,,NC,Veteran
751375,Wanda,Emory,9199952513,wandaemory64@yahoo.com,,NC,Veteran
771639,Mark,Grant,3364733788,mgrant68@hotmail.com,,NC,Veteran
661937,James,Gartner,7047947425,Usafguy76@aol.com,,NC,Veteran
671455,Thomas,Geraci,5716419244,tomgerci@gmail.com,,NC,Veteran
661202,Alan,Warren,3155912314,alanbwarren@gmail.com,,NC,Veteran
769667,ALTON,EARLEY,2526423660,riverbrook44@gmail.com,,NC,Veteran
660860,Roy,Reaves,2529155596,rreavesjr@live.com,,NC,Veteran
676576,Joyce,Cox,2524705927,Demikitty05@gmail.com,,NC,Veteran
663724,Rodney,Brewer,9805065805,rbbrewer265@gmail.com,,NC,Veteran
772862,Ed,Price,7049968554,ed@edprice.org,,NC,Veteran
665712,Arthur,Carpenter,9102842938,arthurcarpenter74@gmail.com,,NC,Veteran
635845,Helena,Eaves,9842425120,heaves22@gmail.com,,NC,Veteran
771414,Larry,Yelton,8284475194,yeltonlarry@icloud.com,,NC,Veteran
412037,James,Wallman,8284244970,odubdocs@gmail.com,null,NC,Veteran
827610,Zachary,Means,2528137310,zkmeans2@yahoo.com,,NC,Veteran
665951,James,mozdzierz,9804182771,Moeloudmouth@gmail.com,,NC,Veteran
771640,Tina,Bing,8283150197,tinabing0107@gmail.com,,NC,Veteran
412042,Tonya,Walker,8285014137,paintert0722@gmail.com,Ellenboro,NC,Veteran
618282,Carol,Furman,5013976828,carolfurman674@gmail.com,,NC,Veteran
772890,teresa,ezzell,2522311843,ezzeellteresa11@gmail.com,,NC,Veteran
619606,Avis,Hodges,9193497077,hodges4900@gmail.com,,NC,Veteran
771389,Toney,McClain,9108509363,tmac57@myyahoo.com,,NC,Veteran
664975,Karen,Martin,2526192755,wonderland1mngff@gmail.com,,NC,Veteran
670698,Scott,Cox,9194957085,scottcoxam@gmail.com,,NC,Veteran
622346,LEMAN,robey,3364171343,darkprince7578@gmail.com,,NC,Veteran
801274,Catherine,Stinson,8392822170,quailhollowpar4@gmail.com,,NC,Veteran
614470,Ronald,Bumgarner,8282654005,bumgarner892@gmail.com,,NC,Veteran
772810,Ada,Brady,7048421926,adabrady62@gmail.com,,NC,Veteran
660069,Angela,Baker,2523772726,angelabaker668@gmail.com,,NC,Veteran
774428,Ronald,Piwowarczyk,9103316005,ronpiwowarczyk@yahoo.com,,NC,Veteran
412748,Carol Ann,Williams,2163467276,cann55@icloud.com,null,NC,Veteran
637345,Devane,Salvador,5802916681,Cosalvador725@gmail.com,,NC,Veteran
634940,Ricky,Joyner,9192188945,joynericky.rj@gmail.com,,NC,Veteran
654762,Gregory,Lowder,9802404166,greglowder9@gmail.com,,NC,Veteran
658792,Hugh,Wilkins,7044028981,Kathy27013@gmail.com,,NC,Veteran
661962,Daniel,Stevenson-Fleet,9105238271,daniel.fleet@gmail.com,,NC,Veteran
674954,Bruce,Gibson,3365295494,brucelgibson@yahoo.com,,NC,Veteran
673305,Theodore,Oliver,7046826060,ftprintz@outlook.com,,NC,Veteran
679109,Bea,Mar,3369792212,ismonica1900@gmail.com,,NC,Veteran
679102,Anthony,Tabron,4802748140,atabronsr@gmail.com,,NC,Veteran
773522,Thomas E.,Wiener,8283880948,scarwiener1963@gmail.com,,NC,Veteran
801376,Latoya,Ivey,9106105090,latoyavivey@gmail.com,,NC,Veteran
774477,Bruce,Swanson,8282386564,scrollsawbruce@gmail.com,,NC,Veteran
624009,Rommie,Huffman,8284093191,RommieHuffman@msn.com,,NC,Veteran
411855,Pam,Wilson,9802414557,icurheart2@gmail.com,null,NC,Veteran
650491,Arthur,Jonas,3365771564,terry.jonas1948@gmail.com,,NC,Veteran
674948,Alberta,Keyes,2523670508,alberta.keyes@yahoo.com,,NC,Veteran
670736,Sherry,Franklin,2522591828,07bella44@gmail.com,,NC,Veteran
686543,michael,kelleher,9106174285,1miamike@bellsouth.net,,NC,Veteran
679003,Warren,McTaggart,2522415403,Warrenmctaggart2@gmail.com,,NC,Veteran
801429,jose,luis,9193563046,eddiespence7@gmail.com,,NC,Veteran
776139,Beverly,Holloman,9194273652,beverlyjholloman@bellsouth.net,,NC,Veteran
812135,Ronald,Autrey,7043669896,ronald.autrey@yahoo.com,,NC,Veteran
689187,Clifton,McQueen Jr,9103730010,sandilak@aol.com,,NC,Veteran
659772,Debra,Cudnick,9104094871,debracudnick@gmail.com,,NC,Veteran
801417,Milton,Hunter,7046142530,mjhunter55@gmail.com,,NC,Veteran
672363,Robert Allen,Wilkins,9102750220,Rawgbw440@gmail.com,,NC,Veteran
696234,Brenda,Srewart,3362793351,dug0122@gmail.com,,NC,Veteran
801427,William,Clark,9199026873,saintthomasx1158@gmail.com,,NC,Veteran
696303,William,Boyd,3363997139,williad555@gail.com,,NC,Veteran
776118,Tyra,Hampton,3366171923,tyrahampton_13@yahoo.com,,NC,Veteran
597305,Cynthia,Sheppard,2525216890,ce473623@gmail.com,,NC,Veteran
690408,Tony,Jones,9109771392,tjones5192@gmail.com,,NC,Veteran
776086,Rodney,Fleming,2528765232,rfleming0410@gmail.com,,NC,Veteran
819537,Blake,Willliams,3362699328,colbew@yahoo.com,,NC,Veteran
619051,Yvette,Yvette,9105781772,Ladisyn@gmail.com,,NC,Veteran
679763,George,McLain,3366099800,glmclain64@gmail.com,,NC,Veteran
637113,George,Burnett,8645064461,mollycat1200@gmail.com,,NC,Veteran
773467,Bruce,Dockum,9198689154,Bdoc46@yahoo.com,,NC,Veteran
625293,Virginia,Stone,8283354654,vhusestone@gmail.com,,NC,Veteran
751274,Glen,Hikarip,8286609052,hikaripglen@gmail.com,,NC,Veteran
625981,Bambi,Hayward,9109166346,bambi.hayward@yahoo.com,,NC,Veteran
670817,Yahanaa,Hasan,3363504977,yahanaatraveler@yahoo.com,,NC,Veteran
774570,Allen,Duggins,3365586142,allenduggins@aol.com,,NC,Veteran
663662,Robert,McCormack,9103985783,rxnine@atmc.net,,NC,Veteran
675566,Angelia,Hawthorne,9196317720,mynanalee3@gmail.com,,NC,Veteran
675807,Michael,kesslwr,9108802436,wig4kidsnow@gmail.com,,NC,Veteran
776156,LaFayette,Trawick,9082448964,lafayette.trawick@gmail.com,,NC,Veteran
673993,Aisha,Williams,9193397253,esha5615@gmail.com,,NC,Veteran
677255,Joseph,Bailey,9805249692,Josephbailey322@gmail.com,,NC,Veteran
776145,Donnia Diane,Tomlin,7042841724,Hummingbirdmin@gmail.com,,NC,Veteran
682731,Sean,Moran,6094137341,captdanksm@gmail.com,,NC,Veteran
865923,Wayne,Boyce,7178250661,wboyce07m@aol.com,,NC,Veteran
776147,Claude J,Snyder Sr.,9195766839,1jsnydersr@gmail.com,,NC,Veteran
412048,Randy,Wilson,8282737464,randycjc@ymail.com,Marion,NC,Veteran
862115,Shevion,Burrows,6264881664,shevbiz4@gmail.com,,NC,Veteran
635728,Aaron,Jordan,2523772754,Rotanium14@gmail.com,,NC,Veteran
776151,NATHAN,JAMES,9104769163,jfunk152003@yahoo.com,,NC,Veteran
678256,William,Myers,3363649281,wmyers460@gmail.com,,NC,Veteran
675562,Merlyn,Guss,9103262660,mguss@ec.rr.com,,NC,Veteran
652680,Larry,Ridings,9805526363,ldrusmc1065@gmail.com,,NC,Veteran
675070,Dawn,Cornwell,8283423206,training59.2019@gmail.com,,NC,Veteran
823931,Michael,Aytch,2525210754,michaelaytch69@gmail.com,,NC,Veteran
775924,Diana,Pierce,9105488909,piercediana1977@gmail.com,,NC,Veteran
411108,Dana,Salter,2526901416,dana.m.salter@gmail.com,Rocky Mount,NC,Veteran
776337,Frederick,Benzinger,9196614552,Fabcab@bellsouth.net,,NC,Veteran
801502,Debbie,Carroll,8287962302,debcarroll1977@gmail.com,,NC,Veteran
776138,Beverly,Mann,2522564731,obxsilverfox3@gmail.com,,NC,Veteran
751393,Jacob,Knott,3368400521,jjknott82@gmail.com,,NC,Veteran
661699,Steve,Welborn,3364342222,usafsi@gmail.com,,NC,Veteran
411625,Tammy,Womack,9192743080,tamwoma66@gmail.com,Benson,NC,Veteran
686599,Tonya,Price,3365551212,talkofthetownetravel@gmail.com,,NC,Veteran
526701,Barbara,Shutt,3368091950,bhunt1262@gmail.com,,NC,Veteran
678286,Bishop Bernard,Griffin,9104482457,bishopbeg57@gmail.com,,NC,Veteran
776338,Larry,Allen,8649039097,larryallen230@yahoo.com,,NC,Veteran
776103,Sharon,Lane,9197251192,Hollywoodchyna@yahoo.com,,NC,Veteran
919996,Raymond,Gaskins,7048410987,gaskinsr26@gmail.com,,NC,Veteran
776157,Regina,Eldridge,9175890105,dimples080@gmail.com,,NC,Veteran
863806,Anaya,Medley,7046902828,yourgurlnaya@gmail.com,,NC,Veteran
776108,Lisa,Hancock,7044334507,lisahan61@yahoo.com,,NC,Veteran
776162,Alberta,howard,8282762878,shalondamayo42@gmail.com,,NC,Veteran
801556,Frederick,Isley,4042015680,isleyfrederick@gmail.com,,NC,Veteran
801588,Nikki,Lemus,8283794577,nikkilemus877@gmail.com,,NC,Veteran
614405,Sandra,King,9102574879,sandraking181@gmail.com,,NC,Veteran
661177,Kevin,Smith,9806212482,kmsmith3743@gmail.comkm,,NC,Veteran
776154,David,Sachs,8282014871,davidsachs2@gmail.com,,NC,Veteran
685672,Derek,McDonald,7042989563,derekmcdonald958@yahoo.com,,NC,Veteran
614356,Ligma,Eatdick,9804456044,Flofarr1@yahoo.com,,NC,Veteran
643815,Rodney,Fleming,2528765232,rfleming0410@gmail.com,,NC,Veteran
776091,Robert,Lee Bullock Jr,9195197344,bullockr493@gmail.com,,NC,Veteran
776161,Cathy,Wright,3369557939,mwce1951@gmail.com,,NC,Veteran
673268,Grady,Parker,7046158705,parkergrady14@gmail.com,,NC,Veteran
776350,Julie,Harris,3369421920,msjule70@gmail.com,,NC,Veteran
776149,Martha,Eason,2528830480,meason1956@gmail.com,,NC,Veteran
636500,Richard,Bartlett,8434960370,rsbflosc@aol.com,,NC,Veteran
689204,Leslie,Little,8282229703,les589662@gmail.com,,NC,Veteran
524872,John,Smith,9105030064,tlbryant@live.com,,NC,Veteran
622450,Ray,Mills,7044672612,jdkn9293@yahoo.com,,NC,Veteran
776135,Kathy,Murillo,3364911163,kathymurillo81@gmail.com,,NC,Veteran
801593,John,Weeks,8286482777,weeks777@att.net,,NC,Veteran
776146,Anna,Layman,8283299553,ann_layman@yahoo.com,,NC,Veteran
776132,kaylene,riddle,8286609416,kayleneb35@gmail.com,,NC,Veteran
524869,Teesha,Wilson,7042946601,tsha.wlsn@gmail.com,,NC,Veteran
776360,Rebecca,Hill,3367624911,hill84065@gmail.com,,NC,Veteran
575889,Melissa,Pope,+12522897236,melissapope379@gmail.com,Black Creek,NC,Veteran
776133,Glen,Richard,9105843235,glenrichard785@gmail.com,,NC,Veteran
777888,Mark,Haynes,9806225519,markhaynes42@aol.com,,NC,Veteran
675154,Charles,Columba,7272763153,Charlescolumbia76@gmail.com,,NC,Veteran
671036,PHILLY,SOLANO,2526347066,phillysolano92@gmail.com,,NC,Veteran
681145,Ocean,Shackleton,8283378040,oceansha763@gmail.com,,NC,Veteran
683794,Jason,Hatfield,9107090930,jay1814@hotmail.com,,NC,Veteran
779201,Ana,Wilson,8286847152,Annwilson671936@gmail.com,,NC,Veteran
412045,Chrissy,Walker,8283031864,walkercadillac@hotmail.com,Newton,NC,Veteran
668097,Sharon,Stanley,8284530608,sharonstanley2025@gmail.com,,NC,Veteran
776342,Nancy Mills Whalen,Whalen,7045754941,newhalen@gmail.com,,NC,Veteran
686230,Horace,Black,980531108,horaceblack1955@gmail.com,,NC,Veteran
592634,Connie,Zinkow,8283422445,czinkow@gmail.com,,NC,Veteran
698228,Doris,Adams,9197095735,hbpgirl1962@yahoo.com,,NC,Veteran
851499,Larry W.,Hayes,8287125601,fl88@charter.net,,NC,Veteran
675603,Joshua,Christian,9194910078,torounie11@gmail.com,,NC,Veteran
801624,joe,Morings,9103644178,joseph.morings@aol.com,,NC,Veteran
777986,Dorothy,Bannister,2522880369,dorothyjeanb.com@gmail.com,,NC,Veteran
824587,Garrett,Smitherman,3367182384,gwsmitherman@gmail.com,,NC,Veteran
801694,Tina,Baker,9107338443,bakervrg@aol.com,,NC,Veteran
636050,Richard,Barbee,9106107447,rgbarbee@att.net,,NC,Veteran
619482,Angela,Collins,9728499826,acbc1584@gmail.com,,NC,Veteran
780198,tina,Frady,3368038365,fradytina676@gmail.com,,NC,Veteran
668367,Ernest,Troquille,9197389777,ernestgarrett@earthlink.net,,NC,Veteran
778013,iva,Hunter,9105804652,Dale7@icloud.com,,NC,Veteran
778019,Keith,Alexander,7044770594,keithalexander1966@icloud.com,,NC,Veteran
653670,Jeffrey,Greer,8289623558,beachdaddy7@gmail.com,,NC,Veteran
692410,Alphonsia,Cogdell,9108500892,acogdel@aol.com,,NC,Veteran
691831,Colleen,Miles,8283410834,ceemiles1944@Gmail.com,,NC,Veteran
670929,Deborah,Givens,9196243633,debgt125@gmail.com,,NC,Veteran
412771,Darlene,Whitaker,3366925862,whtdrln@aol.com,King,NC,Veteran
677395,BRYAN,Floyd,9199091477,bryanfloyd295@gmail.com,,NC,Veteran
670182,Lucinda,Burns,9106244845,L_stocks@aol.com,,NC,Veteran
673902,Willie,Strickland,9103580804,strixlen-on-shore@charter.net,,NC,Veteran
779752,Phillip,STRICKLAND,2523154625,pstrick58@gmail.com,,NC,Veteran
669883,Kerry,Hinton,9192519786,Hintonyellock@gmail.com,,NC,Veteran
779304,Robert,Alexander,9197233278,robertalexander840@gmail.com,,NC,Veteran
780162,michael,Simpson,8287813196,michael.simpson818@gmail.com,,NC,Veteran
779316,Raymond,Miller,9806356559,raymill535@gmail.com,,NC,Veteran
680406,Lea,Hughes,7042532517,leahughes1988@gmail.com,,NC,Veteran
780182,Ben,Bradley,8284480218,leonardbradley2305@icloud.com,,NC,Veteran
654909,Jan,Knight,9109293697,janeknight450@gmail.com,,NC,Veteran
779281,Stanley,Hopkins,9107342229,czystan57@gmail.com,,NC,Veteran
780699,Laurie,Stensland,9192222015,laurie.stensland@yahoo.com,,NC,Veteran
685489,Theresa eason,Eason,2529080209,eason.theresa@yahoo.com,,NC,Veteran
779343,Robert,McClelland,2678790521,remcclelland@yahoo.com,,NC,Veteran
780285,Gaylord,Rockett,9803474758,gaylordrockett980@gmail.com,,NC,Veteran
696653,Ronald,McCoy,9198248860,durmccoy@aol.com,,NC,Veteran
779391,Willie,Howard,9104992799,williehoward316@gmail.com,,NC,Veteran
779383,Amanda,Rhinehart,8285503976,amandarhinehart5@gmail.com,,NC,Veteran
779317,Erick,Guerra,9842595607,guerraerickk@icloud.com,,NC,Veteran
921333,Symin,Garcia,9037046721,symingarcia39@gmail.com,,NC,Veteran
779380,Vernia,Williams,2522403695,Mrhdctyv@yahoo.com,,NC,Veteran
779303,Cindy,Register,3366812794,dwrcor@gmail.com,,NC,Veteran
780657,Paul,Friddle,9108147542,cj.friddle@yahoo.com,,NC,Veteran
780910,Frederick,Sinceno,9105837199,fsinceno02@yahoo.com,,NC,Veteran
780210,Linda,Jennings,8285587659,jenningsl6770@gmail.com,,NC,Veteran
779359,Barbara,Ezzelle,3368475042,Louis.ezzelle@yahoo.com,,NC,Veteran
696650,RODNEY,KELSAY,6053237016,ROD_KELSAY@YAHOO.COM,,NC,Veteran
779468,Kimbwrly,Smith,9102653320,K2012525@gmail.com,,NC,Veteran
688955,James,Schronce,7046483148,jjj918759@gmail.com,,NC,Veteran
523244,Terence,Miles,7025824259,supremebouviar@gmail.com,,NC,Veteran
686423,Mary,Merkle,3056192199,maryteresa8806@gmail.com,,NC,Veteran
801833,Jacqueline,Hickey,7042005675,blacklion888@yahoo.com,,NC,Veteran
780688,Bobby,Jenkins,9109051791,bobbertjenkins2@gmail.com,,NC,Veteran
780405,Viesta,King,3365087512,kingviesta@yahoo.com,,NC,Veteran
779844,Elissa,Douglas,9103185438,elissaldouglas@gmail.com,,NC,Veteran
631306,Richard,Greene,9802340300,rchrd_greene@yahoo.com,,NC,Veteran
779307,Donna,Robinson,2527109643,acecoonpoon442@yahoo.com,,NC,Veteran
696710,James,Hamernick,7035859944,Jhamernick9520@gmail.com,,NC,Veteran
842567,Six,Seven,9650584316,whatisthisdiddyblud@gmail.com,,NC,Veteran
412260,Cheryl,Willson,7043007554,jffynala@gmail.com,Shelby,NC,Veteran
779254,RYAN,DENMAN,8034471729,REDENMAN777@GMAIL.COM,,NC,Veteran
780235,Jeff,Hill,9102298370,jeffclinthill@yahoo.com,,NC,Veteran
696743,Emory,Lane,7048608543,eclane.01@carolina.rr.com,,NC,Veteran
780332,Kenny,Barnard,7069708021,kbarnard84@icloud.com,,NC,Veteran
815746,BeBe,Mcmillan,9802072500,mcmillan_bebe@yahoo.com,,NC,Veteran
801936,Alice,Smithey,3365523350,smitheyalice@gmail.com,,NC,Veteran
780655,Jennifer,Norris,3364891694,jenniferbruno87@gmail.com,,NC,Veteran
830102,Tom,Thompson,2527934583,nail79@yahoo.com,,NC,Veteran
780960,David,Harris,7047121295,Juliaharris1962@gmail.com,,NC,Veteran
780215,Christy,Gordon,9193307232,chrispooh1980@gmail.com,,NC,Veteran
780748,Linwood,Foye,9196040119,pfoye56@gmail.com,,NC,Veteran
780202,Mary,Wright,9805655816,maryewright1962@gmail.com,,NC,Veteran
577637,Kim,Tackett,9105284363,kctattackett@hotmail.com,Aberdeen,NC,Veteran
780218,Connie,Snyder,2522022377,cbw4200@yahoo.com,,NC,Veteran
801906,Randy,Jones,9195009860,randyjones36@hotmail.com,,NC,Veteran
780557,William,Gill,9199313581,gillinfantry52@gmail.com,,NC,Veteran
780174,Marjorie,Gettys,9809252051,marjoriegettys61@gmail.com,,NC,Veteran
780185,Billy,Lanier,9102744066,brl312@hotmail.com,,NC,Veteran
780535,Gloria,Frazier,8285729314,frazier581126@bellsouth.net,,NC,Veteran
677485,Rick,Montano,9252850101,rickmontano1956@gmail.com,,NC,Veteran
780158,Leroy,Perry,7048910703,nle.perry7426@gmail.com,,NC,Veteran
780939,Jeffery,Scott,9108689288,fffmchurch@twc.com,,NC,Veteran
780992,Michael,Pinnix,3365770549,ms@pinnix.net,,NC,Veteran
780947,Devon,Thomas,9104896504,vondel2015@gmail.com,,NC,Veteran
780705,Eric,Fulton,9802898011,efulton529@gmail.com,,NC,Veteran
780208,kathy,Coble,3366220000,kkcoble65@gmail.com,,NC,Veteran
780619,Mark,Holliday,8285775401,Markholliday99999@gmail.com,,NC,Veteran
780394,Dale,Hughes,3369245061,veteran6369@hotmail.com,,NC,Veteran
593708,gabby,river,9196088376,gabolinda@icloud.com,,NC,Veteran
686072,Larry,Adams,980952250,larryadams1956@icloud.com,,NC,Veteran
780342,Mary,Scott,9102795083,marymeemeescott@aol.com,,NC,Veteran
780933,Walter,Wilborn,3365925876,bobwilborn82@gmail.com,,NC,Veteran
780907,Teddy,Sherman,9109879767,kingteddy38@gmail.com,,NC,Veteran
780902,George,Richardson,9198184928,grichardson_05@yahoo.com,,NC,Veteran
823054,Louise,Price,9194954926,josephinelp@yahoo.com,,NC,Veteran
781015,Suwanda,Anderson,2527410326,suwandaanderson4@gmail.com,,NC,Veteran
780747,Douglas,Lyons,9198207703,douglyons3@yahoo.com,,NC,Veteran
780931,Sandy,Thompson,9107835777,sandyearlthompson48@gmail.com,,NC,Veteran
680563,Deborah,Hollar,8288501837,deborahhollar2017@gmail.com,,NC,Veteran
669221,Robert,Gallowy,8285771926,bobbygalloway03@gmail.com,,NC,Veteran
780687,Angela,English,7049296773,bugsbeegone@gmail.com,,NC,Veteran
780675,John H,Black,2025496306,jhb1976@aol.com,,NC,Veteran
595273,Robert,Pugh,3362630737,pughtony@att.net,,NC,Veteran
820067,Donald,Marchetti,9104201070,dmarchetti@nc.rr.com,,NC,Veteran
660302,Thelma,Campbell,9108765991,rusty_unicorn@yahoo.com,,NC,Veteran
671409,Todd,Hartsfield,9194133041,tchartsfield@gmail.com,,NC,Veteran
780906,Roy,Turner,9102869281,royturner0703@gmail.com,,NC,Veteran
782029,Carol,Simps,3362945994,carolcna58@aol.com,,NC,Veteran
618853,Gina,Guidi-Jensenn,3366763419,gina3998@yahoo.com,,NC,Veteran
412029,Maurice,Wells,8286760525,mwells57@gmail.com,Asheville,NC,Veteran
692761,Corey,Robinson,7043920944,coreyrobinson17@gmail.com,,NC,Veteran
681350,James,Judkins,910988,jej1224@gmail.com,,NC,Veteran
781819,Susan,Wilbanks,9803290457,susanw456@bellsouth.net,,NC,Veteran
819101,Robert,Camba,8283017725,Joshuart@me.com,,NC,Veteran
675388,Roy,Alexander,7049037002,royalexander051761@gmail.com,,NC,Veteran
692457,David,Weimer,7042549824,dw3jw@yahoo.com,,NC,Veteran
677567,Clarence A.,"Nathan, Jr.",4433065481,can1@mindspring.com,,NC,Veteran
692256,Lamarcus,King,2527459197,lamarcusking40@gmail.com,,NC,Veteran
680624,Charles,Bull,9103813158,bull9689@gmail.com,,NC,Veteran
692444,Marion,Goble,9893294698,martygob@gmail.com,,NC,Veteran
678487,Laurence John,Berman,9083281575,larrybermann@yahoo.com,,NC,Veteran
683353,Dorothy,Lane,9802546115,djlane2@aol.com,,NC,Veteran
412899,Annie,Ward Speas,3364030236,1971butterflylover@gmail.com,Lexington,NC,Veteran
802063,Stephen,Lewis,3363287475,wandora71@aol.com,,NC,Veteran
678309,Houston,Hodges,2392906019,houstonhodges45@gmail.com,,NC,Veteran
411235,Mary,Fitts,9192008358,maryvett1@yahoo.com,Siler City,NC,Veteran
411898,Tins,Weiner,9102731736,Bean3rn@yahoo.com,Fayetteville,NC,Veteran
802031,Lisa,Cockerham,3367679038,lisanc54@gmail.com,,NC,Veteran
781767,Chad,Blackman,3363543596,blackman.chad@gmail.com,,NC,Veteran
681084,Rebecca,Long,9197661779,rlong2270@gmail.com,,NC,Veteran
659755,william,moore jr,2526407454,granthamtomecca8@gmail.com,,NC,Veteran
817235,Daniel,Egnor,2528833285,daniel.egnor@gmail.com,,NC,Veteran
783714,Kenneth,Miller,8286408327,Cmiller3705@yahoo.com,,NC,Veteran
802130,Johnny,Mercer Sr.,2529049463,jrmercer1@hotmail.com,,NC,Veteran
654819,Franklin,Cook,7578398607,FSQUARED64@YAHOO.COM,,NC,Veteran
783891,Saliha,Bennett-Halici.,9194914888,salihabennett@yahoo.com,,NC,Veteran
783873,charlotte,connor,9107534015,charltte54@aol.com,,NC,Veteran
783844,Robin,Kindell,9102863176,robin.kindell2@gmail.com,,NC,Veteran
692869,Vicki,Muscarello,7042911655,V.muscarello@aol.com,,NC,Veteran
680711,Debra,Lunsford,3369280922,deblunsford421@outlook.com,,NC,Veteran
783708,Grace,Thomas,8285595175,percacet1954@gmail.com,,NC,Veteran
783726,mike,whitley,2523611991,mwwhitleysr@gmail.com,,NC,Veteran
689770,Kenneth,Roberts,9109191118,Khroberts11@icloud.com,,NC,Veteran
820175,Ellen,Lamb,336267426,go.jmenow@gmail.comm,,NC,Veteran
783875,Angela,Norris,9105919700,angeladawnnorris78@icloud.com,,NC,Veteran
802207,Robert,Watkins,7049683437,robertl.watkins@att.net,,NC,Veteran
802176,Janice,Dinse,7048533030,jan7201947@att.net,,NC,Veteran
783856,Cherry,Cannon,9195920641,cherrycannon830@gmail.com,,NC,Veteran
785670,Dan,Edinger,7043156790,knadan1@yahoo.com,,NC,Veteran
783915,David,Greene,3365537045,dgttime11@gmail.com,,NC,Veteran
783782,John,Lufkin,7046309073,Lufkink8@gmail.com,,NC,Veteran
783750,Norman,Burnette,9196386153,burnettenorman044@gmail.com,,NC,Veteran
783902,Nicky,Rose Theis,7044506231,nicolletheis@aol.com,,NC,Veteran
692504,Ruben,Johnson,9193981776,rjohnson2105@nc.rr.com,,NC,Veteran
679345,April,Brooks,3362406986,brooksbunnygon3krazy84@gmail.com,,NC,Veteran
787266,Josette,Winder,7026249394,winderjosette@yahoo.com,,NC,Veteran
683565,Gregory,Griffin,8286743577,griffingregory133@gmail.com,,NC,Veteran
411921,Phyllis Elizabeth Earnest,Welch,9105464318,Nanaphyllis0912@gmail.com,Jacksonville,NC,Veteran
787260,Reina,Foster,9197502884,reinafoster82277@gmail.com,,NC,Veteran
812319,Vanessa,Porter,2526708745,mavanessaporter@gmail.com,,NC,Veteran
692545,Harold,Butts,9109846115,htbutts@gmail.com,,NC,Veteran
820208,MANNY,ARREDONDO,9706178117,mano64chubb@gmail.com,,NC,Veteran
688354,Brandon,McClendon,7044982901,mrbrandonmcclendon1981@gmail.com,,NC,Veteran
734900,CAMILLA,HUNTER,9197562813,CAMILLAHUNTER92@GMAIL.COM,,NC,Veteran
787277,Adelheide,Cooper,9108014128,slg.ajglove@gmail.com,,NC,Veteran
677739,Ameilya,Rogers,8282800036,ameilyalovelockwood@gmail.com,,NC,Veteran
787270,Ronald,Stamey,8284678889,ronald.stamey04@gmail.com,,NC,Veteran
678570,Peachez,Evans,9102846430,peachez.ne@gmail.com,,NC,Veteran
638888,Charles,Summerlin,2525319224,chasumm@aol.com,,NC,Veteran
689476,David,Stepanski,7045458981,stepanskidavid@gmail.com,,NC,Veteran
412619,Benjamin,Williams,4403446981,benw941234@gmail.com,Fayetteville,NC,Veteran
785679,Maurice,mccray,2522892161,mauricemccray41@gmail.com,,NC,Veteran
785623,Jennifer,Ponder,9105471964,jaelea331@aol.com,,NC,Veteran
818160,Linda,Locklear,9107851095,minalocklear@gmail.com,,NC,Veteran
676616,Hiram,Norby,8283426331,awoods49@frontier.com,,NC,Veteran
680824,Ray,Hall Jr.,9192509765,hrayjr@currently.com,,NC,Veteran
678353,Jimmy,Pratt,9103159726,shemdiz@yahoo.com,,NC,Veteran
410700,William,Lynch,6319054007,popolopogis@icloud.com,Washington,NC,Veteran
679090,Walter,Hughes,9193026956,wallyj58@gmail.com,,NC,Veteran
678224,Annie,Johnsonwalker,2529221032,Johnsonwalkerannie@gmail.com,,NC,Veteran
838393,Douglas,Danley,9104654527,douglasdanley@outlook.com,,NC,Veteran
788567,WILLIE,FERGUSON,2525324453,,,NC,Veteran
677314,William,Joyce,8286990756,joycebill069@gmail.com,,NC,Veteran
678234,David,Woolard,9104178576,davidlwoolard@gmail.com,,NC,Veteran
595392,Kenneth,Aman,9103376499,kenaman@ezvib.com,,NC,Veteran
594944,james,singleton,9192720622,singletonjimmy@hotmail.com,,NC,Veteran
411874,Keith,Webb,9196413056,ktwebbdevil358@gmail.com,Hillsborough,NC,Veteran
677438,Kristine,Phinney,7043979966,krphinney70@yahoo.com,,NC,Veteran
678364,Deanna,Fields,9197465617,carosota@gmail.com,,NC,Veteran
678855,Tanya,Gardner,9803614545,tmg38116@gmail.com,,NC,Veteran
678862,Alisa,Greene,9802568083,alisagreene9@gmail.com,,NC,Veteran
787296,Frank,Crumel,2522451127,frankcrumel@yahoo.com,,NC,Veteran
412191,Charles,Wilson,7574383144,wils686@aol.com,Whitsett,NC,Veteran
787276,Decarlous,Barnes,9842944588,bdecarlous@gmail.com,,NC,Veteran
679146,Patrick,Parsons,828615520,pedeyp15@gmail.com,,NC,Veteran
788554,ROY,AUSTIN,2525295497,DR.FJAUSTIN@GMAIL.COM,,NC,Veteran
787280,Lorie,Beal,9197704236,loriebeal0511@yahoo.com,,NC,Veteran
680854,Nour,Davis,201091571910,180performancehorses@gmail.com,,NC,Veteran
787279,Doris,Valine,7575671526,valinedoris1@gmail.com,,NC,Veteran
787271,Cynthia,Croom,2529332412,cynthiacroom1@gmail.com,,NC,Veteran
679511,Melvine,Girley Weeks,9107286780,1MGWeeks@Gmail.com,,NC,Veteran
679304,Al,Kleier,3017523009,al.kleier48@gmail.com,,NC,Veteran
662525,Zack,Davis,9192745777,zdavis50@gmail.com,,NC,Veteran
787285,John,Lufkin,7042392996,Lufkink8@gmail.com,,NC,Veteran
787328,Barbara,Bloodworth,9102972733,bloodworthbarbara54@gmail.com,,NC,Veteran
866175,Don,Palomo,9193552249,donwpalomo@gmail.com,,NC,Veteran
678335,Bobby /Jean,Lucas,2525298356,Jayricks@gmail.com,,NC,Veteran
691935,Linda,Martin,3367823900,lindawilhitemartin5@gmail.com,,NC,Veteran
684054,Danny,Cassidy,9199229224,dcssidy@bellsouth.net,,NC,Veteran
683629,Jane,Hughes,2526179398,crickedyjane@gmail.com,,NC,Veteran
788574,DEBORAHLINE,GOGGINS,8083926143,,,NC,Veteran
680382,Gregory,Hunter,3364142884,gregoryhunter2418@gmail.com,,NC,Veteran
691670,Mattie,Person,2522140961,personmattie86@gmail.com,,NC,Veteran
788525,Michael,Baker,9195139819,mbbaker127@gmail.com,,NC,Veteran
787262,Vivian,Baucom,7045257642,Vivianb7855@gmail.com,,NC,Veteran
788559,JAMES,RAWLS,2525788692,JAMESRAWL5209@YAHOO.COM,,NC,Veteran
685531,John,hawkins,3017899157,hawkkman@gmail.com,,NC,Veteran
689482,Connie,Bradley,4438758327,conniebradley7377@gmail.com,,NC,Veteran
691633,Kathleen,Radcliff,4048671413,Kathradcliff@gmail.com,,NC,Veteran
787264,Matthew,Dorsey,2522145508,dorseymatthew8@gmail.com,,NC,Veteran
686071,William,Kennedy,7042363922,wckennedy51@yahoo.com,,NC,Veteran
788520,Ron,Stallings,2563395501,ronniestallings23@gmail.com,,NC,Veteran
788563,THOMAS,MAYLE,2525784808,MAYLETHOMAS74@GMAIL.COM,,NC,Veteran
594965,Richard,Tilley,3366821408,baretdafart0103@gfmail.com,,NC,Veteran
787079,WAYNE,KACHELRIESS,8433688352,,,NC,Veteran
788564,MICHAEL,LITTLE,2523080404,,,NC,Veteran
788553,EDWIN,SILVER,2525868404,,,NC,Veteran
690169,Virginia,Jones Maddox,2522894797,shortyrock707@yahoo.com,,NC,Veteran
711508,Derrick,Colly,3368304619,dcolly57@icloud.com,,NC,Veteran
595011,jerry,blackmon,9105201383,jblackmon1@ec.rr.com,,NC,Veteran
788572,AMY,CLARK,8283421063,,,NC,Veteran
691646,Jeffrey,Payne,2529158885,jprolesville@gmail.com,,NC,Veteran
789323,Robert C,Patterson,9105459678,brendapatterson19@yahoo.com,,NC,Veteran
917592,Fred,Altman,9107915773,fredaltman@outlook.com,,NC,Veteran
691709,Clara,Corbett,9109459827,corbettclara123@gmail.com,,NC,Veteran
789324,Freddie,Denson,9108823527,freddenson63@gmail.com,,NC,Veteran
789335,John,Sackmann,9109759703,jsackmann@nc.rr.com,,NC,Veteran
410616,Dorothy,Lane,9802546115,djlane2@aol.com,Huntersville,NC,Veteran
788579,JANIE,GALLOWAY,9196079591,PGALLOWAY54@GMAIL.COM,,NC,Veteran
789332,Robert,Miller,7274803742,Bobbythecan@yahoo.com,,NC,Veteran
813368,Azalea,Howie,7047065997,howieazalea7@gmail.com,,NC,Veteran
788570,PHILLIP,FRYER,2526466790,,,NC,Veteran
809780,Tracy,McClain,9104465404,ta_mckoy@yahoo.com,,NC,Veteran
814624,Joyce,Twine,7573626964,bjtwinenc@gmail.com,,NC,Veteran
681121,William,spears,7047770550,wospears58@hotmail.com,,NC,Veteran
788575,CAMILLA,HUNTER,9197562813,CAMILLAHUNTER92@GMAIL.COM,,NC,Veteran
821103,Solon,Logan,8287750812,genelofavl@msn.com.com,,NC,Veteran
680991,Chris,Childers,8283241234,homestd66@yahoo.com,,NC,Veteran
691864,De,Godley,2524062131,dogdogdog9@hotmail.com,,NC,Veteran
820362,Terry,Carver,9193601502,tc922921@gmail.com,,NC,Veteran
689660,Alonzo Walton,Goins,9802413541,goins2005a@gmail.com,,NC,Veteran
412054,Misty,Rathbone-Rogers,8285512431,misaaron1980@gmail.com,Canton,NC,Veteran
524279,Daniel,White,8283612974,debbie.white0608@gmail.com,,NC,Veteran
594150,Ronnie,Stallings,2563395501,zippycode2323@yahoo.com,,NC,Veteran
694705,William Barry,Stewart,3864051044,wbstewart03@gmail.com,,NC,Veteran
687590,John,Stevens,7046176580,stevensjack773@gmail.com,,NC,Veteran
697869,Jack,Collins,8285081238,cactusjack98@gmail.com,,NC,Veteran
678146,Damon Neanover,Neanover,9109280638,catfish69dan@gmail.com,,NC,Veteran
792846,ROBERT,PIKE,9494395442,rpike418@yahoo.com,,NC,Veteran
670997,Edward,Ventura,9105274028,eventura@nc.rr.com,,NC,Veteran
689851,Nicole,Barnard,2547184619,superdbamom@gmail.com,,NC,Veteran
792880,General,Mealer,9197536640,mcarthurgm@yahoo.com,,NC,Veteran
828529,worth,Brown,9199652437,mghbrown@gmail.com,,NC,Veteran
697894,Stephen,Linton,2522074916,barconc@yahoo.com,,NC,Veteran
691897,Robyne,Dehart,828342923,rdehart763@gmail.com,,NC,Veteran
681041,Ronald,Murray,9804489458,lucillecross2121@gmail.com,,NC,Veteran
645246,Jerry,Childers,7047765746,southpaw1949@yahoo.com,,NC,Veteran
839700,Kay,Tomlinson,2523423937,kartikatomlinson58@gmail.com,,NC,Veteran
681598,Larissa A,Jackson,3368230227,00chefbaker00@gmail.com,,NC,Veteran
697952,Denny,Ridgeway,5409079157,dennyridgeway@gmail.com,,NC,Veteran
697905,Patricia,Weaver,9104948714,patricweav@aol.com,,NC,Veteran
597090,Jeanne,Malloy,9192120254,bklynmonkey3@gmail.com,,NC,Veteran
697959,Karen,Singh,8287132694,karensingh77777@gmail.com,,NC,Veteran
411873,Charles,Waller,9196415750,cwaller1949@hotmail.com,Durham,NC,Veteran
523272,Donald,Mcpherson,7042324523,thomasraven0923@gmail.com,,NC,Veteran
656585,Brenda,Light,9365539984,blpray4peace26@gmail.com,,NC,Veteran
411997,Allen,Wiley,9107872937,carolina_driver@yahoo.com,Beulaville,NC,Veteran
692422,Shakiya,Moore,9802348183,seioniharper@gmail.com,,NC,Veteran
920109,SANDERA,HARRISON,3164619631,sanderaharrison@gmail.com,,NC,Veteran
802856,Nickie,Cranford,3365363151,stanleynickie@yahoo.com,,NC,Veteran
411329,Paul,Van Hagen,2408323327,pdvanhagen650@gmail.com,Whitsett,NC,Veteran
802855,James,Thomas,2527674077,thomasjjtjt763@gmail.com,,NC,Veteran
693254,Wanda,Caines,9108402539,wandacaines@gmail.com,,NC,Veteran
815057,Clarence,Blankenship,3362440332,clarenceblankenship1942@gmail.com,,NC,Veteran
698274,Jimmy,Sweat,7049573521,aisimmons@hotmail.com,,NC,Veteran
691204,Josh,Gurt,234567891,ethanhim466@gmail.com,,NC,Veteran
687567,Scott,Levert,8287558598,scottlevert77@gmail.com,,NC,Veteran
792888,David,Jones,9107124847,djonesbird@gmail.com,,NC,Veteran
525003,Bobby,Galloway,8289711477,bobbygalloway.1.bg@gmail.com,,NC,Veteran
820125,Carl Jr,Massey,2522993588,carlmassey@yahoo.com,,NC,Veteran
411230,Rodney,McDaniel,3364692309,rodneyrmcdaniel@gmail.com,Mount Airy,NC,Veteran
680908,James,Jackson,3362806375,jamesjackson1948@gmail.com,,NC,Veteran
681067,Bishop Larry,Dudley,9196485425,dudley.larry@gmail.com,,NC,Veteran
680888,alicia,schism,9802892500,aliciaschism00@gmail.com,,NC,Veteran
689504,Travis,Newell,252529021,newellslegacy@gmail.com,,NC,Veteran
698387,FRED,SMITH,3366941028,,,NC,Veteran
680995,Lawrence,Waldron,2523272796,lewi7577@yahoo.com,,NC,Veteran
593457,Margie,Harrison,7046659067,margieharrison28@yahoo.com,,NC,Veteran
594633,Sandra,Watts,7046658140,sdoug1000@bellsouth.net,,NC,Veteran
698229,Mike,Myers,3367495221,vapd1@msn.com,,NC,Veteran
698035,WILLIE,MOORE,7046375607,,,NC,Veteran
698066,Joffrey,Smith,9102770207,smithjoffrey30@gmail.com,,NC,Veteran
693873,jimmy,arnold,4347096598,jimmyarnold711@gmail.com,,NC,Veteran
693870,Kennweh,Bagwell,6871828,bagw1808@bellsouth.net,,NC,Veteran
521726,Valerie,Smith,9104672001,vsmith003@gmail.com,,NC,Veteran
693904,Larry,Hord,7045306317,bionichillbilly46@gmail.com,,NC,Veteran
694742,Tanisha,Valenzuela-Landrum,4342288415,tanisha.r.valenzuela@gmail.com,,NC,Veteran
792954,Taffy,Jones,9196987787,taffy@prostheticrx.com,,NC,Veteran
698258,John,Cole,9199165102,colekathleen21@gmail.com,,NC,Veteran
690746,Linda,Hager,7044939145,lindybreeze@aol.com,,NC,Veteran
698291,Steven,Clark,7048422145,Stevenclark377377@gmail.com,,NC,Veteran
796277,Angela,Blassingame,3365537976,ANGIEBLASS@GMAIL.COM,,NC,Veteran
792920,James,Pickett,3363255456,pickettj517@gmail.com,,NC,Veteran
814039,Ashley,Pressley,7044723411,everhime13@gmail.com,,NC,Veteran
796254,Manuel,Green,8283320810,mannygreen289@gmail.com,,NC,Veteran
796269,Debbie,White,9109866283,debbiewhite1919@gmail.com,,NC,Veteran
797127,David,Fry,7706171235,leatherneckdav@gmail.com,,NC,Veteran
633882,William,Gardin,7044307818,wgardin1161@yahoo.com,,NC,Veteran
587019,Scott,Henderson,9105840202,shenderson802@yahoo.com,Spring Lake,NC,Veteran
654490,Ricky,Jackson,9109647392,tj9760@aol.com,,NC,Veteran
795256,Bobby Ray,Nix,7046504729,Stingrayfx1@yahoo.com,,NC,Veteran
696365,Sharon,Loring,9199203430,sloring40@gmail.com,,NC,Veteran
796281,Jerry,Murph,8284348118,Jerrymurph5@gmail.com,,NC,Veteran
653282,Peter,Johnson,8438040347,ptj195877@gmail.com,,NC,Veteran
797253,Arnette,washington,3369548247,arnettewashington1@gmail.com,,NC,Veteran
613821,Michael,Mccausley,9102335536,mlmbr5429@gmail.com,,NC,Veteran
795482,Joseph,Ferguson,9104945524,jegmferguson@outlook.com,,NC,Veteran
796328,Lola,Ledford,8285084123,ledfordlola7@gmail.com,,NC,Veteran
695960,Janice,Samilton,7065939814,sweetlbc@yahoo.com,,NC,Veteran
795469,latasha,Sanders,9804514246,samyazamya24017@gmail.com,,NC,Veteran
797330,paul keirh,Chastain,9106246142,redsnappernc8@gmail.com,,NC,Veteran
795373,Tonya,Leathers,2522596153,tonyaleathers55@icloud.com,,NC,Veteran
641102,DONALD,CARLSON,4026600023,CDGNFAM@AOL.COM,,NC,Veteran
797148,Milton,Ludd,9103822062,domelast@yahoo.com,,NC,Veteran
411883,Sheryl,Williams-Clement,9195190590,sdmink1@gmail.com,Durham,NC,Veteran
696194,Kathy,Shelton Riek,7047546941,ksheltonriek@gmail.com,,NC,Veteran
795172,Michael,justice,9195942932,michael.justice.mj62@gmail.com,,NC,Veteran
695045,Russell,Bazin,7042745300,pugzilla33@gmail.com,,NC,Veteran
795250,Robert,Patterson,9105458366,brendapatterson19@yahoo.com,,NC,Veteran
591307,Alfreda,Dickerson,4104092923,Dickersonalfreda@gmail.com,Charlotte,NC,Veteran
696068,Ontrel,Luster,7573774397,ontrelluster2015@gmail.com,,NC,Veteran
795251,Blair,Isenhower,9192479385,bisenhower@gmail.com,,NC,Veteran
696169,Melvin,Hayes,9733806585,melvinhayesat350@gmail.com,,NC,Veteran
796302,John,Kelly,2523156591,jkelly5238@aol.com,,NC,Veteran
696724,Jacquelyn,Crawley(Donmoyer),9108352322,godsgirl92812@outlook.com,,NC,Veteran
697863,Sarah,Hall,9102285407,gracieallen062@gmail.com,,NC,Veteran
640075,Heather,Jordal,5179309832,heatherjordal@yahoo.com,,NC,Veteran
616210,Richard,Lewis,9107366960,ravrich76@gmail.com,,NC,Veteran
586072,brandon,henry,9193204145,1badass52@gmail.com,Greenville,NC,Veteran
659617,William,Ryals,5162051415,williamryals21@gmail.com,,NC,Veteran
697899,Bobby /Jean,Lucas,2522598359,Jayricks@gmail.com,,NC,Veteran
796292,Bobby,Newby,8503241656,newbybob32503@yahoo.com,,NC,Veteran
697705,Alfred,Ferguson,9197856948,roseishome27501@yahoo.com,,NC,Veteran
797103,Alvin,Kelly,2527670978,alvinkelly42@gmail.com,,NC,Veteran
638423,Cristina,Rohrs,3038538848,rohrscm@yahoo.com,,NC,Veteran
808398,Rosemary,Scott,9102617203,scottfamily1097@yahoo.com,,NC,Veteran
796338,Dee,Thibodeaux,7042497281,dthibs10@yahoo.com,,NC,Veteran
797147,Stanley,Bennett,9803190109,burnell_47@hotmail.com,,NC,Veteran
635816,Juanita,Dillard,5167706195,letspraisehimnow@yahoo.com,,NC,Veteran
697907,Ronald F,Quigley,2522672377,qwwwgz@gmail.com,,NC,Veteran
797183,Samuel,Blocker,3369065166,mrsamblocker@gmail.com,,NC,Veteran
797294,Linda,Allen,9108147351,grannyallenlinda47@gmail.com,,NC,Veteran
683700,WILLIAM,Evans,7044971595,wgolf2@bellsouth.net,,NC,Veteran
797075,Martin,Griffin,8287293614,hank24241962@gmail.com,,nc,Veteran
573985,Terry,Whitley,2527175527,whitley74@aol.co,Ayden,NC,Veteran
537044,Ervin,White,9803718099,FamilyTTTM562@gmail.com,,NC,Veteran
796355,Bruce,Miller,9198958286,websterrx7@gmail.com,,NC,Veteran
553357,bonnie,baynor,2529456183,bbaynor47@gmail.com,,NC,Veteran
796298,Todd,Fraysier,9366765864,fraysierdelores@yahoo.com,,NC,Veteran
638201,Joesph,Pone,9107975352,Josephpone@icloud.com,,NC,Veteran
654500,DORIS,DAVIS,9192237660,admosley55@gmail.com,,NC,Veteran
574011,Darrell,Spivey,8436800110,bettyspivey55@gmail.com,Gastonia,NC,Veteran
591323,anthony,westmoreland,3366887340,mastercraftroofing@gmail.com,Lexington,NC,Veteran
797236,Bob,Averill,3364206403,averobert@gmail.com,,NC,Veteran
808337,Barbara,Goodnow,3362705640,biagoodnow1@yahoo.com,,NC,Veteran
666396,Stacey,Gallagher,9169036463,pr31hipchic@gmail.com,,NC,Veteran
681234,Deborah,Huggins,9102156766,debhuggins5@gmail.com,,NC,Veteran
590317,Beverly,Huggins,+19103097868,hugginstbv@aol.com,Vass,NC,Veteran
797080,Norris L Gullick,Jr.,3369546193,gullicknl46@gmail.com,,NC,Veteran
644280,James,Moses,9193445804,mrjamesrm@gmail.com,,NC,Veteran
797184,Yulanda,Everett,2526795165,yulandatray@outlook.com,,NC,Veteran
588800,Joseph,DiBenedetto,9105157921,Vetsigning@gmail.com,,NC,Veteran
645766,Frank,Archbald,8504990962,fjarchie@gmail.com,,NC,Veteran
570730,Bob,Hills,9199612028,ugottobekiddin@aol.com,,NC,Veteran
688502,Laura,Kelly,7049045209,Laura.Kellync@gmail.com,,NC,Veteran
638399,Jeffrey,Curtiss,4198061916,jdcurtiss@yahoo.com,,NC,Veteran
644053,William,Lasher,8284052656,billhow59@gmail.com,,NC,Veteran
593203,Myra,Zidzik,3364801913,myrazidzik@gmail.com,,NC,Veteran
797237,Cathy,Sales,9106508538,Cindysales@msn.com,,NC,Veteran
639653,Avery,Holcomb,3368351985,hawkwind@embarqmail.com,,NC,Veteran
597226,Stephen,Propst,8285894819,spropstjr@gmail.com,,NC,Veteran
640364,Harold,Jones,2527172005,bjonesupermom@yahoo.com,,NC,Veteran
808382,Jeff,Thrift,7049358366,jeffthrift7@gmail.com,,NC,Veteran
685108,Chester,Jenkins Jr.,3013051554,emonny44@gmail.com,,NC,Veteran
571925,Lonnie,Hughes,3048944377,lonnie.hughessr64@yahoo.com,Albemarle,NC,Veteran
638621,Derrick,Santiful,2039489087,mrdoom07@gmail.com,,NC,Veteran
411890,Lettie,Vian,9107971393,Jumperhusker@aol.com,Stedman,NC,Veteran
619758,Troy,Whitehead,2529044059,teethree10@gmail.com,,NC,Veteran
412818,Debbie,Wheeler,2523418262,lasusmc80.dw@gmail.com,Greenville,NC,Veteran
627476,William,Oliver,9196736567,wtoliver49@gmail.com,,NC,Veteran
612933,Nikki,Greene,9809890531,nikkigreene409@gmail.com,,NC,Veteran
616252,Michael,Wiggins,2525677427,mwiggins1243@gmail.com,,NC,Veteran
586132,Mike,Harris,2529408667,mwharris32554@outlook.com,,NC,Veteran
411366,Karen,Dickson,2525203167,krnleed.kd@gmail.com,Kinston,NC,Veteran
574294,Douglas,Cunningham Sr.,9105874144,cunninghamd33@gmail.com,Hampstead,NC,Veteran
616213,George shull,Shull,3364077065,mybeehives2@gmail.com,,NC,Veteran
797335,Michael,Swann,7575812592,michaelswann106@gmail.com,,NC,Veteran
808399,Benita,Goldston,3365551212,msbgoldston@yahoo.com,,NC,Veteran
596403,Dave,wood,8622205742,dapawood75@gmail.com,,NC,Veteran
692083,Butch,Moore,7432445768,butch53moore@gmail.com,,NC,Veteran
616587,Edward,Brothers,7329664956,edwardbrothers5@gmail.com,,NC,Veteran
808327,Larry,Kearney,2522042482,larrydkearney369@gmail.com,,NC,Veteran
412047,Holly,Webb,8282155347,Catluverholly@yahoo.com,Swannanoa,NC,Veteran
631153,Larry,Wade,9196695523,wade.larrya@gmail.com,,NC,Veteran
618073,David,Beeson,3364035022,dbeeson24@hotmail.com,,NC,Veteran
830309,Celia,De Leon,9108085319,ulearn2sing@gmail.com,,NC,Veteran
650058,Heriberto,Calles,2529024522,cctupanameno@yahoo.com,,NC,Veteran
568798,king,thompson,3365082353,congonatty@yahoo.com,,NC,Veteran
628771,Guery,Bowers,8283814444,rncrx@msn.com,,NC,Veteran
808411,David,Willis,2524741107,dwill5214@gmail.com,,NC,Veteran
589533,Chalmers,Branch,3368290633,chalmersbranch1@gmail.com,,NC,Veteran
689769,Charles,Miller,2526543218,charlesjuniousmiller@gmail.com,,NC,Veteran
612778,Shawn,Harris,4722394721,harris28379@gmail.com,,NC,Veteran
586169,Jo,Leeds,2526427165,mydogtripper@hotmail.com,,NC,Veteran
594418,John w,Branch jr,3362101969,woodman0293@gmail.com,,NC,Veteran
556251,John,McClean,9192588241,Johnmcclean76@gmail.com,,NC,Veteran
577595,Amir,McGhee,3365835282,amirmcghee6@gmail.com,Roxboro,NC,Veteran
668832,Gary,Castor,7042398433,GC1st@outlook.com,,NC,Veteran
597264,Paula,Robinson,7042873305,mrsp1961@gmail.comm,,NC,Veteran
523279,Charles,Braxton,3362634545,cdbraxton@gmail.com,,NC,Veteran
524733,Harold,Thorne,3369303147,robertthorne77@yahoo.com,,NC,Veteran
597345,Reid,Southerland,9102985509,reidsoutherland1@gmail.com,,NC,Veteran
656565,Jeffery,Goff,9194916392,Jlgcecil@icloud.com,,NC,Veteran
667005,James,Spears,9106356948,ity6@centurylink.net,,NC,Veteran
639617,Jerry,Lewis,9199320386,jwlew803@gmail.com,,NC,Veteran
411884,Brenda,Willis,9195480888,bewillis2014@gmail.com,Hendersonville,NC,Veteran
597349,Kelli,Spells,7042078552,bergeronkelli700@gmail.com,,NC,Veteran
619531,Jerome,Cook,9105512587,cookjerome745@gmail.com,,NC,Veteran
616679,Kenneth,Stokes,9109198989,kstokes0558@gmail.com,,NC,Veteran
619618,Cindy,Marlowe,9735571980,cymarlowe@gmail.com,,NC,Veteran
596927,Robin,Grindstaff,9102610657,sadsaxj69@gmail.com,,NC,Veteran
549025,MARSHALL,SIGMON,7577372697,12lemoir@gmail.com,,NC,Veteran
650182,Timothy,Miller,8284248639,camiller28742@yahoo.com,,NC,Veteran
623478,Ron,Peigler,7043016462,Ron.peigler@jll.com,,NC,Veteran
622606,Duane,Bynum,9195191314,duanedbynum@gmail.com,,NC,Veteran
803350,Marjorie,English,9103181017,mle1950@myyahoo.com,,NC,Veteran
596964,StevenHilliard,Hilliard,3368671021,steviehilliard.sh@gmail.com,,NC,Veteran
573132,Kerry,Long sr,9192983034,terryblong@yahoo.com,,NC,Veteran
616801,cynthia,moody,8284045299,CYNTHIAMOODY2025@GMAIL.COM,,NC,Veteran
412776,Talessia,White,3369372187,whitetalessia@gmail.com,Greensboro,NC,Veteran
635834,Ellen,Peebles,3364479956,bruceellen@msn.com,,NC,Veteran
676405,Harley Davidson,Winebarger,9803910578,winesoldlady58@gmail.com,,NC,Veteran
808387,Martha Wilson,McLean,8287287946,mjmclean60@hotmail.com,,NC,Veteran
808338,Roger,Gagnon,9145822836,maytigger_22@yahoo.com,,NC,Veteran
589040,Michael,Benson,3364703747,sosabellettiere56219@outlook.com,Lexington,NC,Veteran
574166,Michael,Spruill,2528020562,ruthspruill@gmail.com,Williamston,NC,Veteran
614990,Mary,Sharpe,2522305141,sharpemary402@gmail.com,,NC,Veteran
803385,Madeline,Stolk,9105818969,Madeline.Stolk@yahoo.com,,NC,Veteran
627925,Leah,Medrano-Campbell,8434537734,Lsunflower21st@yahoo.com,,NC,Veteran
577524,Lisa,Sanderford,2526764380,michellesanderford@gmail.com,Roanoke Rapids,NC,Veteran
808406,Armand,Gentes,9194123888,armand_gentes@hotmail.com,,NC,Veteran
808370,Chris,Kaphers,5074027193,crkaph@gmail.com,,NC,Veteran
573953,Shelia,Moore,8283901443,shemoore64@aol.com,Charlotte,NC,Veteran
590407,Steve,Redmond,8283845839,Smredmond232@gmail.com,Hayesville,NC,Veteran
808388,Franklin,Michael,7042012862,franklinmichael962@gmail.com,,NC,Veteran
521731,brenda,sherlin,8287774220,girlscout03@outlook.com,,NC,Veteran
808351,Frank,Unversaw,2523495387,Jsdshop9@gmail.com,,NC,Veteran
803423,Jo,Duke,2522598094,dukecynthia20@gmail.com,,NC,Veteran
594473,Mona,Garner,2158803458,garnermgarner@gmail.com,,NC,Veteran
808317,Norman,Henry,2526389963,holyspirit4@yahoo.com,,NC,Veteran
808372,Juliet,Harris-Spivey,9198256505,spiveyjuliet@gmail.com,,NC,Veteran
809597,Patrick,Conner,2522417534,pconner1@ec.rr.com,,NC,Veteran
596696,Shelley,Bilski,9103435203,rochellebilski9697@gmail.com,,NC,Veteran
808374,Robert,Moore,9102004900,aw6212@outlook.com,,NC,Veteran
656258,Linda,Berube,7746446717,seeuima@yahoo.com,,NC,Veteran
808396,robert,brown,8284581667,rhbrown2005@yahoo.com,,NC,Veteran
643828,Wayne,Pegues,9198107517,i62294@aol.com,,NC,Veteran
809615,Robert,Miller Jr.,919672175,parkpool1864@gmail.com,,NC,Veteran
809604,James,Ingle,8282740449,psingle8501@bellsouth.net,,NC,Veteran
583632,Kevin,Warren sr,9294103311,marinewarren0321@aol.com,,NC,Veteran
808311,Lawrence,Williams,9842549701,lbwilliam909@gmail.com,,NC,Veteran
808331,Pamela,VanGosig,2522418671,pvangosig1955@gmail.com,,NC,Veteran
556710,Odell,Johnson Jr,7043801197,odelljohnson1955@gmail.com,,NC,Veteran
809601,Bernadette,Coward,2529333108,bernwcoward59@gmail.com,,NC,Veteran
809953,Matyas,ferguson,717868942,matyasferguson@gmail.com,,NC,Veteran
808353,Allan,May,2039809960,almay40200@yahoo.com,,NC,Veteran
638665,Michael,Kennedy,2526221947,BROWNFOX781@GMAIL.COM,,NC,Veteran
820076,Judith,Torres,9105276975,judithannalper@gmail.com,,NC,Veteran
594636,Bernice,Wilkerson,3368285041,roxboroman2@gmail.com,,NC,Veteran
809605,Earl,Dagenhart,8283812706,dagenhart46@gmail.com,,NC,Veteran
808088,Henry,Murchison,9193526803,murck60@gmail.com,,NC,Veteran
710346,Frederick,Rosania,2526391573,jrrosania@gmail.com,,NC,Veteran
809599,Danny,Birch,2523392981,dk.birch@outlook.com,,NC,Veteran
594288,Daniel,Ledbetter,9196227412,d0701250@gmail.com,,NC,Veteran
594176,Tracy,Wemmering,9197357574,wemmfamily@aol.com,,NC,Veteran
810836,Larry,Quail,3364043011,ncman1952@gmail.com,,NC,Veteran
809606,William,Ricketts,9082390483,warj1951@aol.com,,NC,Veteran
844518,Teresa,Mcdonald,3364282777,mcdonaldk150@gmail.com,,NC,Veteran
855716,GENE,IRBY,2524355871,jrwarden112000@yahoo.com,,NC,Veteran
809609,Trudy,Jackson-Thorne,9103094386,mstrudy11@yahoo.com,,NC,Veteran
810541,April,Lassiter,3362574057,lassiteradl@gmail.com,,NC,Veteran
844538,Tyrone,Tillison,3364101791,doctillison@northstate.net,,NC,Veteran
694334,Dessie,Pettigrew,9843032355,dessiegrew@gmail.com,,NC,Veteran
809612,Jewrand,Barnes,9193384372,barnes.bookkeepingwiz@gmail.com,,NC,Veteran
593806,Alfred,Treece,9198862649,dgr106@gmail.com,,NC,Veteran
711456,Randy,auton,3368777517,tarheelblueridge@gmail.com,,NC,Veteran
711457,Constance,Powell,2525677116,johnsonconstance573@yahoo.com,,NC,Veteran
682324,Crystal,Branson,9197040462,cmbranson72@gmail.com,,NC,Veteran
704365,Sharon,Reitzel,8282388232,sharonreitzel55@gmail.com,,NC,Veteran
594966,Gary,Thompson,7043052638,gary50nc@yahoo.com,,NC,Veteran
594363,Jessica,Stephens,4722109862,duhhitsjayyy15@gmail.com,,NC,Veteran
593921,Matthew,carson,8503963569,Carsonskip@yahoo.com,,NC,Veteran
594527,Penelope,Larmer,9802306619,PennyLarmer@aol.com,,NC,Veteran
694433,Vincent,Tallmadge,7049421086,vincentmtallmadge@hotmail.com,,NC,Veteran
811098,Gary,Garfield,2522297333,richardson'Debra@692gmailcom,,NC,Veteran
816885,Sydney,Mertz,3365063247,sindeem@yahoo.com,,NC,Veteran
810578,Willie,Miller,9195915817,wm0088516@gmail.com,,NC,Veteran
655679,Robert,Sarubbi,9105381166,robertsarubbi007@yahoo.com,,NC,Veteran
702076,Kenneth,Hall,9102612451,bpdhall@yahoo.com,,NC,Veteran
702109,Mark,Weber,7198223396,markdweber45@gmail.com,,NC,Veteran
702145,Martha,Allan,9109750200,anntigger60@hotmail.com,,NC,Veteran
702208,Elaine,Thompson,9102063943,elainethompson554@gmail.com,,NC,Veteran
746812,Chantilla,Pichon,8034664397,chantillapichon@gmail.com,,NC,Veteran
810866,George,Hill,9198794058,georgegabhill@gmail.com,,NC,Veteran
810437,David,Kennedy,3363914860,kennedydavid005@gmail.com,,NC,Veteran
810938,Geraldine,Bradley,8284346467,gds950367@spectrum.net,,NC,Veteran
833438,Howard,Wilson Jr,8286406914,howardwils281961@gmail.com,,NC,Veteran
831379,Joan,Pulliam,3366538358,joaniluvcojo@aol.com,,NC,Veteran
677667,Diego Armando,Ramirez,2522264827,daramirez2@student.fullsail.edu,,NC,Veteran
831322,Hi??,Tu dah huu do tu di ni ja,555555555,milmildailey17@gmail.com,,NC,Veteran
810841,Lance,,+13366137661,golancec@yahoo.com,,NC,Veteran
815104,Eugene,Gray,2522567804,bmcmuscg@charter.net,,NC,Veteran
810837,Victor,Green,9802503642,dietboss11@gmail.com,,NC,Veteran
811147,Anthony,Moore,7042775124,mooreanthony446@yahoo.com,,NC,Veteran
828739,beardedbuck,Shaver,7577549109,johnothanshaver4@gmail.com,,NC,Veteran
703593,Tommy,Vinston,2522413695,tommyvinston@gmail.com,,NC,Veteran
809600,Ramon,Smith,2526799280,ramonhsmith@gmail.com,,NC,Veteran
713676,Veronica,NealMeal,3363177155,annneal699@gmail.com,,NC,Veteran
713675,Charles,Tyler,2522594192,Coolcluv129@gmail.com,,NC,Veteran
692833,Henry,Kent,5403301026,h.frank.kent@gmail.com,,NC,Veteran
593842,Ronald,Wheeler,8282433487,wheelerron98@gmail.com,,NC,Veteran
843796,David,George,2525294332,clamster1959@gmail.com,,NC,Veteran
679216,Alecia,Flynt,3365773984,flyntalecia@gmail.com,,NC,Veteran
704538,Edward,Messing,9193680121,ejmessing47@gmail.com,,NC,Veteran
655059,Farries,"Slade, Sr .",2522583247,fsladesr@aol.com,,NC,Veteran
704685,Willie,Dingle,9105141990,dingleddogg41@gmail.com,,NC,Veteran
842709,Lucas,Slawson,252937435,slawson.john.@gmail.adress,,NC,Veteran
830906,Charles,Alexander,4722486229,ca5595ca@att.net,,NC,Veteran
686677,Raymond J,Buhler,8453378026,sayhayray01@gmail.com,,NC,Veteran
650446,Nadine,Tatum,6092310831,nadinetatum2@gmail.com,,NC,Veteran
704850,Brenda,Payne,3367553065,brenda.payne18@yahoo.com,,NC,Veteran
681334,Julie,Conner,3364151135,julieoneal39@yahoo.com,,NC,Veteran
704934,Christian,Ramirez,2523645860,lararamirechristian@gmail.com,,NC,Veteran
595686,Frank,Mccall,9173456929,gloriamccall1950@gmail.com,,NC,Veteran
690134,Joyce,Leonard,5705365090,joyleo1299@gmail.com,,NC,Veteran
689876,Richard,Grigg,3055275643,onemiabear@gmail.com,,NC,Veteran
830947,Bruce,Cook,7166365575,brcook549@gmail.com,,NC,Veteran
722251,Atthur,Stewart,3362150653,arthurstewart882@gmail.com,,NC,Veteran
810484,Maureen,Sobulefsky,2032187214,maureensobulefaky@gmail.com,,NC,Veteran
595655,James Thompson,Lehneis,7045103275,lindacooklehneis@outlook.com,,NC,Veteran
817970,Kenneth,Bryant,2016936319,bryantk961@gmail.com,,NC,Veteran
662073,RICHARD,SEARS,7047400446,richardsears18@gmail.com,,NC,Veteran
831370,Robert,Holliday,2525318183,Terryleereid@yahoo.com,,NC,Veteran
831066,Tim,Jim,919348621,Rodrickbrown2013@gmail.com,,NC,Veteran
829859,Charlie,Alexander,9198090366,charliealexander75@gmail.com,,NC,Veteran
914320,Nathan,Jackson,7034726218,najax_98@yahoo.com,,NC,Veteran
812096,Joanne,Read,9194409220,mungee@gmail.com,,NC,Veteran
810928,JOHN,ROBERTS,2523409981,ltr0686@yahoo.com,,NC,Veteran
849984,Kenneth,Fields,9193445558,kennethrfields.kf@gmail.com,,NC,Veteran
855043,Gerald,Phelps,2522672544,s22comet@icloud.com,,NC,Veteran
812430,Mark,Buchsbaum,6785756676,Mbucksbaum@att.net,,NC,Veteran
664589,Felton,Strickland,2522307097,felton50@centurylink.net,,NC,Veteran
920240,Sandra,Allen,9109210055,sandraba317@gmail.com,,NC,Veteran
594320,Susan,Pauline,7818314807,fishing692000@yahoo.com,,NC,Veteran
828124,Brian Germick,Brian Germick,9106240237,bgdiver65@gmail.com,,NC,Veteran
864036,Juanita Tyler,Anderson,9194821761,ajuanita387@gmail.com,,NC,Veteran
822425,Robert,Hampton,7049954300,robertrlh@live.com,,NC,Veteran
709826,Jeanette,Kidd,8282801570,jnutty54dcba@gmail.com,,NC,Veteran
855855,ernest,Robertson,9198533425,coppertops@embarqmail.com,,NC,Veteran
833620,Eddie,ham,8037573917,eddieham84@gmail.com,,NC,Veteran
813076,Eddie,Daniels,9192856055,jazzn1966@gmail.com,,NC,Veteran
815493,Donald,Lasko,4044915400,dlasko@windstream.net,,NC,Veteran
594620,Patrick,Trainor,9103460983,trainorpatrick@hotmail.com,,NC,Veteran
832344,Lillie,wessman,555555,.com.com@i,,NC,Veteran
822090,Christa,Eversman,6232241186,confused1two@gmail.com,,NC,Veteran
919655,Kirby,Ernst,8282606605,casper535456@gmail.com,,NC,Veteran
708955,PAUL,CUCINOTTA,3102933254,,,NC,Veteran
575875,Raveena,Boler,7049415089,boler.raveena.s@gmail.com,Charlotte,NC,Veteran
709365,Jerry,Cheek,9192795074,jlcheek63@yahoo.com,,NC,Veteran
812876,Kevin,Simien,8283949183,Kjsimien@gmail.com,,NC,Veteran
913030,william,Terry,9108338735,mouseman1942@yahoo.com,,NC,Veteran
823047,Roderick,Coles,9105786736,rodco0354@gmail.com,,NC,Veteran
637478,Clinton,Elbert,2525312127,vva272elbert@gmail.com,,NC,Veteran
594501,KENNETH,HUTCHINSON,2528028086,KBhutchins1027@outlook.com,,NC,Veteran
812974,Willie,Brannon,2106831750,williebrannon08@gmail.com,,NC,Veteran
684133,William,Lynch,9102951377,billlynch@icloud.com,,NC,Veteran
664266,Carolyn,Fort,3365205130,carolynfort56@gmail.com,,NC,Veteran
831103,Syroyalti,McBride,910955955,syroyaltim@gmail.com,,NC,Veteran
812631,Maureen,Woodruff,2245679939,maur71wood@gmail.com,,NC,Veteran
593712,Jose Enrique,Rivera-Calderon,9104944173,joycembosco@aol.com,,NC,Veteran
844406,Sylvine,Germaine,7047803223,rehemarugoboza@gmail.com,,NC,Veteran
841759,Alianna,Nicely,478523545,alianna@gmail,,NC,Veteran
823037,Deborah,Newman-Coles,9104954501,dnewmannc@gmail.com,,NC,Veteran
822777,Billy,Alverson,9842397470,ba1607311@gmail.com,,NC,Veteran
844400,Makhayla,Lipsxomb,336247564,khaylalipscomb15@gmail.com,,NC,Veteran
812035,Michael,mckagan,9104674090,mmckagan@hotmail.com,,NC,Veteran
658794,James,Nelson,8283884128,jamespnelson1951@icloud.com,,NC,Veteran
692123,Susan Ali,Kamal,9199000536,s.alikamal2024@gmail.com,,NC,Veteran
668298,Douglas,Ellington,7576529777,dellington356@gmail.com,,NC,Veteran
855187,Debra.  R,Chapman,9843358538,droysterchapman@gmail.com,,NC,Veteran
914586,Robert,Simpson,9046843511,robersims48@gmail.com,,NC,Veteran
839925,Norman,Avery,9195390264,normanavery048@gmail.com,,NC,Veteran
845324,Jaylon,Mcclanahan,2316838396,macjae9@gmail.com,,NC,Veteran
711153,David,Knapp,3044813014,wvbambam2014@yahoo.com,,NC,Veteran
812556,Francis,Bald,2522025433,baldx3@yahoo.com,,NC,Veteran
711144,Brooke,Hardister,3365965156,brookehardister@yahoo.com,,NC,Veteran
711085,Curtis,Williams,7048048106,grovercwilliams@yahoo.com,,NC,Veteran
711120,Beth,McLemore,7046202967,bethmclemore1@gmail.com,,NC,Veteran
711117,Jennifer,Byrd,8282908102,jsbyrdbeasley1@gmail.com,,NC,Veteran
711101,Jim,Hestikind,7043612100,puttone42@yahoo.com,,NC,Veteran
711168,Barbara,Leftwich,3366483307,bleftwich7835@gmail.com,,NC,Veteran
711192,David,Hart,3368700124,ssghart64@yahoo.com,,NC,Veteran
751629,Lord Joseph,Thomas,5713171694,iotaalphaomega@gmail.com,,NC,Veteran
843020,James,Goode,7042476588,goodejames243@gmail.com,,NC,Veteran
711420,DWAYNE,Cherry,2527991025,cherrydfc133@gmail.com,,NC,Veteran
711425,John,Winn,3364599062,johnrenee64@gmail.com,,NC,Veteran
711460,Dex,Howell,7605211273,dex.howell@yahoo.com,,NC,Veteran
711461,christon,parouse,5165877260,parousec@gmail.com,,NC,Veteran
711505,Gladys,Graves,9106917169,mysixdogs6@gmail.com,,NC,Veteran
711512,Billy,Reeves,8286101294,reeves.billy@yahoo.com,,NC,Veteran
840223,Hunter,Bullins,3369899279,catfishhunter1994@gmail.com,,NC,Veteran
711518,David,Lyle,7574519229,dlyle0416@gmail.com,,NC,Veteran
711504,Wyvonnie,pauling,7045164076,catcobb81@live.com,,NC,Veteran
711526,James,Smith,9105393308,theliasmith4.ts@gmail.com,,NC,Veteran
711532,Edith,Davis,2528221694,edithdavis1721@gmail.com,,NC,Veteran
711527,Brittany,Smith,5402438048,burtney2005@gmail.com,,NC,Veteran
593613,Jesse,Mitchell,2525717864,jesseam1979@gmail.com,,NC,Veteran
814304,Russell,roberts,9105076382,rusroberts112@gmail.com,,NC,Veteran
711974,Kristen,Fowler,9102900520,Tarheelborn67@gmail.com,,NC,Veteran
665797,Cort,Barnes,9105243228,cort.barnes@yahoo.com,,NC,Veteran
595685,mark,maynard,9196027944,mark.maynard57@gmail.com,,NC,Veteran
650474,Ronald,Moorman,2523339769,ronmgm@gmail.com,,NC,Veteran
817790,George,Huffstetler,2523499275,grh111@yahoo.com,,NC,Veteran
720970,James L,Smith,8044004396,jsmith30444@gmail.com,,NC,Veteran
720973,Lester,Hough,7042076155,pchough138573@gmail.com,,NC,Veteran
720975,Sharmon,Tolson,9104995213,sharmontolson1953@gmail.com,,NC,Veteran
720976,Charles,Evans,7046812215,CE371592@msil.com,,NC,Veteran
711988,Holly,Parsons,6314618859,hollydarrall@gmail.com,,NC,Veteran
712042,ALFRED B,LAWRENCE SR,4045833360,mralfredblawrencesr@gmail.com,,NC,Veteran
712109,SYLVONIA,DICKEY,7578975683,SDICKEY425@GMAIL.COM,,NC,Veteran
712283,Marilyn,Riggs,9106209672,mriggs1208@gmail.com,,NC,Veteran
712281,William,Buonanno,2529456587,laikhe@embarqmail.com,,NC,Veteran
712286,STEVE,CRONK,2034940265,,,NC,Veteran
712259,CHARLES,JERRY,8137854426,CHUCKJERRY@YMAIL.COM,,NC,Veteran
712287,EDWARD,ROPER,8609494624,,,NC,Veteran
712293,EDWIN,SILVER,2525868404,,,NC,Veteran
712294,HAYWOOD,BOONE JR,2525363268,HAYWOOD_BOONE@YAHOO.COM,,NC,Veteran
712298,AL,COOPER JR,2522572594,,,NC,Veteran
712308,DAWN,PRICE,8284280202,,,NC,Veteran
712311,JANET,LACADEN,8086995667,,,NC,Veteran
712309,WILLIAM,HANSON,9197783586,,,NC,Veteran
712296,KENITH,WILLIAMS,2523141618,SKINNER948@GMAIL.COM,,NC,Veteran
712302,PERRY,BAUER,9195766130,,,NC,Veteran
712295,WILLIE,MOSELEY,2523261056,,,NC,Veteran
712307,LAURIE,STENSLAND,9192222015,,,NC,Veteran
712303,AL,WHITFIELD,9193443364,,,NC,Veteran
712304,WILLIAM,CASEY,9192522128,,,NC,Veteran
845693,Gt,Greyson,963072146,greysont1818@gmail.com,,NC,Veteran
722698,Dianne,Davis,9105044994,d6330046@gmail.com,,NC,Veteran
722699,John,Avery,8285535010,johnnybay120@gmail.com,,NC,Veteran
722704,Willie,STEWART,9197246351,willie6389@yahoo.com,,NC,Veteran
722696,Ronald,Rhue,9194370504,kingrhue.rr78@gmail.com,,NC,Veteran
722702,Curtis,Clifton,2523122345,1959cliff@gmail.com,,NC,Veteran
722707,Henry,Patterson,9194520650,hpatterson787@gmail.com,,NC,Veteran
668182,Rodney,Kelly,2526408040,Rodneyk726@gmail.com,,NC,Veteran
680847,David,Main,8284660776,bustedknucklegarg@gmail.com,,NC,Veteran
712650,John,Begley,8287777408,jtbegs7733@gmail.com,,NC,Veteran
721087,Juanita,Lee,9104762532,cowlady72324@aol.com,,NC,Veteran
721088,Charles,York,2526208967,charlesyork347@gmail.com,,NC,Veteran
721075,Hope,Roberson,3363942569,hoperoberson72@gmail.com,,NC,Veteran
712952,Basil,Murfree,9192599506,g.murfree25@gmail.com,,NC,Veteran
712967,Shelton,Richmond,9102032770,Sheltonrichmond219@icloud.com,,NC,Veteran
713035,Buddy,Osborne,9108723501,Buddymack51@gmail.com,,NC,Veteran
842492,Lisa,Jackson,3367444254,lisajackson8253@gmail.com,,NC,Veteran
713107,Edward,Sanders,2523502554,edwardsanders736@gmail.com,,NC,Veteran
714582,Cephus,Worrell,2529553658,ctwprrell46@yahoo.com,,NC,Veteran
714603,Chris Cj,Dowdell,2526333062,followingmytruth@msn.com,,NC,Veteran
751603,Audrey,Rothrock,8289625038,foxxydame54@yahoo.com,,NC,Veteran
713338,Wanda,Moore,9109956653,beachbaby736@gmail.com,,NC,Veteran
592698,Kelly,Brady,9198201206,kellymae04@gmail.com,,NC,Veteran
592624,Janice,Woodard,7576410576,Jwwoodard1212@gmail.com,,NC,Veteran
847801,Tami,Garcia,2527320817,scooterfox@yahoo.com,,NC,Veteran
859153,Ronald,Kelly,9106249962,rnkelly1944@gmail.com.com,,NC,Veteran
713748,Cheryl,Muraida-Bedford,2522672742,tupfresh@ymail.com,,NC,Veteran
816933,Steve,Maloney,3367566355,stevemaloney551@gmail.com,,NC,Veteran
849941,Sara,Stafford,8286014287,sarastafford1962@gmail.com,,NC,Veteran
678746,Sophia,Alston,9197212920,sophiallindsey@yahoo.com,,NC,Veteran
712290,James,A Sauls,9197229653,saulsjamessauls@gmail.comp,,NC,Veteran
844617,Amanda,Boen,4794099264,amanda.all02@gmail.com,,NC,Veteran
715497,JOSEPH,ANDERSON,9802370208,JBEBANDER@OUTLOOK.COM,,NC,Veteran
715505,EDWARD JAMES,MORRIS,7064104490,,,NC,Veteran
873086,Gene,King,9109776596,genekamen@aol.com,,NC,Veteran
715493,ANTONIO,MCIVER,6016992154,TONYMCIVER7@YAHOO.COM,,NC,Veteran
715541,Mayra,Grimes,8509022354,mayra6391@gmail.com,,NC,Veteran
715583,Jim,Allen,3366762739,Jahmess1956@gmail.com,,NC,Veteran
715586,ANDREW,VANVAKIAS,2072332858,,,NC,Veteran
715646,Deborah,TAYLOR,3363066752,debbtaylor60@gmail.com,,NC,Veteran
715665,Richard,Williams,3368031115,captric4now@gmail.com,,NC,Veteran
661122,Brayan Ayala,Rodriguez,5705917697,mateo091002@gmail.com,,NC,Veteran
715683,Daniel,Morey,2524557991,d.morey@mchsi.com,,NC,Veteran
722904,Gene,Baker,8282381855,bakersearches1@yahoo.com,,NC,Veteran
715682,John,Whaley,8033618380,johnwhaley030@gmail.com,,NC,Veteran
715728,Colon,James,9109731549,colljames712@gmail.com,,NC,Veteran
715726,Keith,Sydnor,8633384279,Keith_sydnor@yahoo.com,,NC,Veteran
715732,ROBERT,GREEN,9103091775,GBOBDYDE@AOL.COM,,NC,Veteran
918021,Steven,Laverty,9195211641,stevem571668@gmail.com,,NC,Veteran
715747,ARNOLD,HALL,9109884839,,,NC,Veteran
715748,ARTHUR,SLAGLE,8286069848,GRANDPARTX5@AOL.COM,,NC,Veteran
715853,SUSAN,WATTERS,8087560670,,,NC,Veteran
715930,EUGENE,TRACY,3362348523,,,NC,Veteran
715991,DAVID,WATTERS,8086400526,,,NC,Veteran
730102,Matthew,Graham,7042580509,matthewgraham.mg@hotmail.com,,NC,Veteran
730105,Robin,Kindell,9102863176,robin.kindell2@gmail.com,,NC,Veteran
717726,Walter,Caffrey,9103189302,stash8622@gmail.com,,NC,Veteran
850070,Raymond,Dukes,8284588672,corkyd614@bellsouth.net,,NC,Veteran
911944,Jessica,Williams,2522177706,jkjs1215@gmail.com,,NC,Veteran
719145,kaye,jones,7049969882,jmjzone01@aol.com,,NC,Veteran
719552,Ricky,Jackson,9103849947,rickyljackson64@gmail.com,,NC,Veteran
766282,James,A Sauls,9197229653,saulsjamessauls@gmail.comp,,NC,Veteran
834022,Darica,Keeton,7046416096,Miss.Keeton@gmail.com,,NC,Veteran
716663,Bob,Grimm,7049075446,grimm.bobbylee@yahoo.com,,NC,Veteran
918192,Jerry,Foster,336552278,jerryfoster216@gmail.com,,NC,Veteran
852647,KATHY,STREETS,9102326392,streetskathy606@gmail.com,,NC,Veteran
856356,Jay,Leach,9108689189,jleachsr40@gmail.com,,NC,Veteran
717481,ben,ferris,8082387352,ferrisbenjamin5@gmail.com,,NC,Veteran
717470,Toney,McClain,9108509363,tmac57@myyahoo.com,,NC,Veteran
717495,Larry,Yelton,8284475194,yeltonlarry@icloud.com,,NC,Veteran
717496,Jimmy,Mabry,3362132814,jcm1942@mail.com,,NC,Veteran
918275,Craige,Bell,3478248082,craigebell8@gmail.com,,NC,Veteran
717520,Rickey,Rhodes,7043017595,rhodesr29@gmail.com,,NC,Veteran
717566,Dr. Timothy,Rogers Sr,9515871542,timothyrogers19@yahoo.com,,NC,Veteran
717611,Darrell,McLemore,3364035820,Babycakes@triad.rr.com,,NC,Veteran
717605,David,Childers,8284933187,Davchilders13@gmail.com,,NC,Veteran
717695,Christopher,Vaughan,2527998511,christopher.vaughan1@icloud.com,,NC,Veteran
717672,Yolanda,McKinsey,3368820929,ymckinsey189@gmail.com,,NC,Veteran
717723,Mark,Grant,3364733788,mgrant68@hotmail.com,,NC,Veteran
717708,William,Whitehurst,9104431332,billy.whitehurst@wilmingtonnc.gov,,NC,Veteran
851740,Charles,Hayes,2526757892,cphayes01@embarqmail.com,,NC,Veteran
590447,Clarence,Davis,+12522040749,clarencedavis054@gmail.com,Tarboro,NC,Veteran
718485,Tonya,Richards Campbell,2525400062,tonyacampbell848@gmail.com,,NC,Veteran
718483,Robert,Harling,9109867393,bobharling1@gmail.com,,NC,Veteran
718492,Tigger-Kimberly,Brewer,7042074649,wildcatstillincountry@myyahoo.com,,NC,Veteran
718513,kathy,Smith,2523006766,kathycoommbssmith@gmail.com,,NC,Veteran
718523,Jeff,Marshburn,9103333736,Jeffmarshburn60@gmail.com,,NC,Veteran
718557,James Keith,Grindle,7045763958,Jkgrindle1947@gmail.com,,NC,Veteran
718560,Eleanor McIntyre,McIntyre,8435915845,emcintyre843@gmail.com,,NC,Veteran
840225,Larry,McMullen,8287587892,mcmullenlarry@hotmail.com,,NC,Veteran
726044,Elissa,Douglas,9103185438,elissaldouglas@gmail.com,,NC,Veteran
718878,Michael,pruitt,3362472934,Rose.sechriest@icloud.com,,NC,Veteran
718963,Ed,Price,7049968554,ed@edprice.org,,NC,Veteran
718969,RONALD,BROWN,6056604100,,,NC,Veteran
718990,Cindy,Moore,8282910468,Cmms07132014@gmail.com,,NC,Veteran
718991,teresa,ezzell,2522311843,ezzeellteresa11@gmail.com,,NC,Veteran
719074,Raymond,Vail,8282807364,rayvail146@gmail.com,,NC,Veteran
719120,kermit,layton,2253337298,kermitll@yahoo.com,,NC,Veteran
719141,Marvin,ballance,9198680301,marvinballance50@gmail.comailnotworkingatmomentpl,,NC,Veteran
719173,Joyce,Long,9108740534,longjoycelong@gmail.com,,NC,Veteran
629422,David,Sims,3363501230,djs97200@gmail.com,,NC,Veteran
719512,john,Snider,4077294033,yukonride07@gmail.com,,NC,Veteran
719580,annie,Benzing,9103548711,roastbeef47@yahoo.com,,NC,Veteran
719616,Vickie,Reed,9106313055,vreed729@gnail.com,,NC,Veteran
722799,Jackie,Peartree,2524029776,jackiepeartree5@gmail.com,,NC,Veteran
722804,Bonnie,Bunn,9194534191,bonniebarham@aol.com,,NC,Veteran
722805,Rhonda,Syfrett,8282606861,Rhondasyfrett@icloud.com,,NC,Veteran
719691,David,Weinkauf,2694878329,wezy1953@gmail.com,,NC,Veteran
719832,brian,fluharly,7046634628,bpfluharly@hotmail.com,,NC,Veteran
850881,Thomas,E Glass,9106518409,glassman78@yahoo.com,,NC,Veteran
911975,jerry,ball,86749989,dball@charter.net,,NC,Veteran
830803,Gary,Mulller,9107977866,gmullernc@aol.com,,NC,Veteran
646632,Steve,Hutson,7043128140,hutsons403@gmail.com,,NC,Veteran
720306,WILLIAM,SAUNDERS,9199615941,,,NC,Veteran
720305,Wesley,Reeves,9109210984,wesleyreeves475@gmail.com,,NC,Veteran
725952,Phillip,STRICKLAND,2523154625,pstrick58@gmail.com,,NC,Veteran
720419,Hal,Royster,9195998888,rhal5214@yahoo.com,,NC,Veteran
859147,Willie,"Robertson,JR",9192718658,willie.lottie@gmail.comlottie,,NC,Veteran
727170,Loyd junior,Poole,9195995688,roypthomas99@yahoo.com,,NC,Veteran
836353,Freddie,Underwood,7042136038,happy.lake8@gmail.com,,NC,Veteran
720551,Ronald,Piwowarczyk,9103316005,ronpiwowarczyk@yahoo.com,,NC,Veteran
850197,Jack,Mongold,3366762554,jmongold@bellsouth.net,,NC,Veteran
851874,Michael,Koyles,8282189023,koylesm@gmail.com,,NC,Veteran
850240,Debbie,,+19192157107,Mitchell5006@att.net,,NC,Veteran
918407,Joy,Hoover,3364861095,mysqueakylovebug@hotmail.com,,NC,Veteran
720844,Alger,Morgan,7572979707,Algermorgan644@gmail.com,,NC,Veteran
720833,Ivey Dennis,Barnette,9196270896,p_barbee@yahoo.com,,NC,Veteran
918406,PRIVATE,HAKEEM,2526398606,christopher.jyjones0436@gmail.com,,NC,Veteran
722617,Carmen,Rios-Ventura,9106703722,crventura28306@yahoo.com,,NC,Veteran
722608,JOSEPH,NICOTRA,8283602134,whytewoolf29@aol.com,,NC,Veteran
722611,Loretta,Parson Chinn,2523660119,lorettachinn06@gmail.com,,NC,Veteran
722613,Cesar,Torres,9109904344,c_torresus@yahoo.com,,NC,Veteran
720878,JAMES,TRENT,3367072408,nanaw4@yahoo.com,,NC,Veteran
720890,jim,dull,7045027489,copjdull@aol.com,,NC,Veteran
720902,ADRIEN,WILLIAMS,9192950545,iluvmuzik74@gmail.com,,NC,Veteran
720880,Ryan,Smith,2523755175,ryansmith8650@gmail.com,,NC,Veteran
720906,Joseph,Gardner,9192731558,jrholygram@gmail.com,,NC,Veteran
720933,JOHN,DEVOE,7043031132,jdevoe1015@GMAIL.com,,NC,Veteran
720935,Clayborn,Harper,3366180377,harperct10@yahoo.com,,NC,Veteran
720926,Anthony,Cox,8633324925,aacox1014@gmail.com,,NC,Veteran
720932,jackie,white,8287342334,jackiewhite534@gmail.com,,NC,Veteran
720925,Steven,Wiggs,9193441609,hkitywig@aol.com,,NC,Veteran
720924,Shelia,Anderson,3368701346,sblackburn1346@gmail.com,,NC,Veteran
720951,Philip,Henry,9194677374,phihen1@gmail.com,,NC,Veteran
720953,Richad,Greene,9192522708,richardgreene364@gmail.com,,NC,Veteran
721014,Gregory,Mency,9105544582,gregorymency@hotmail.com,,NC,Veteran
721010,pat,glover,9202057113,patglover84@gmail.com,,NC,Veteran
721009,Bohdan,Tkaczuk,9196653972,batcom50829@nc.rr.com,,NC,Veteran
721029,Robert,Helms,9103863773,roberthelms89@gmail.com,,NC,Veteran
723007,Edwin,Frisbee,8282731136,ellen.frisbee@gmail.com,,NC,Veteran
723013,Felix,Kyle,8284939220,akyle1958@gmail.com,,NC,Veteran
721113,Carolyn,Bell-Crouch,9104342947,carolynbellcrouch@gmail.com,,NC,Veteran
721129,Jerry,Lightfoot,2523335201,lightfootjerry@yahoo.com,,NC,Veteran
721139,Thomas,Matisko Sr,6306320011,tmatiskosr@yahoo.com,,NC,Veteran
721137,Tilford,House,3363017199,tilfordhouse147@gmail.com,,NC,Veteran
721207,William,Lugo,9102295190,wlugo8413@gmail.com,,NC,Veteran
855611,Charles,MacInnes,7023347336,charlie.macinnes@yahoo.com,,NC,Veteran
721243,Charles,mcgee,9104342856,charlesmcgee611@gmail.com,,NC,Veteran
721301,Jayne,Sanderson,9198196310,catfishjayne@gmail.com,,NC,Veteran
721314,Feather,Jacobs,8036092169,Fjaycospecialties7@yahoo.com,,NC,Veteran
721312,Sondra,Noah,3363658855,scnoah61@gmail.com,,NC,Veteran
721291,alex,leclair,7048918786,avoidingspammers@yahoo.com,,NC,Veteran
721302,Dr. Alphana,Hobbs,9105452297,alhobbs2112@gmail.com,,NC,Veteran
918444,Mickey,Fearrington,9193709482,Mickeyfearringtonjr@gmail.comjump,,NC,Veteran
851872,Jonae,SmawAsomugha,2523143467,jonae6839@gmail.com,,NC,Veteran
915614,David,Baysden,9103333351,davideb003@gmail.com,,NC,Veteran
845472,Larry,Lupo,9102583450,Iupolarry1957@icloud.com,,NC,Veteran
915645,Ronald,Riedel,9109889558,vnvlv77@gmail.com,,NC,Veteran
914681,Barbara,Brock,9109350338,bobbibrock64@gmail.com,,NC,Veteran
722248,Beth,Leyland,7046088146,BLBUBBLES777@AOL.COM,,NC,Veteran
722268,Freda,Irwin,4434134379,akintohim@gmail.com,,NC,Veteran
722269,James,Westbrook,8284049588,whyrdc12345@gmail.com,,NC,Veteran
722273,Ricky,Rook,9197206466,rrook58@gmail.com,,NC,Veteran
722276,Sherry,Meadows,7044924472,moonblinded08@yahoo.com,,NC,Veteran
722278,Bee,Hall,7042220530,info@solidshe.org,,NC,Veteran
722275,Terrie,Stanberry,8283415391,stanberryterrie@gmail.com,,NC,Veteran
722279,kaylene,riddle,8286609416,kayleneb35@gmail.com,,NC,Veteran
914763,@1557garner,Touchon,9196055500,onlyme@gmail.com,,NC,Veteran
722487,Frederick,Benzinger,9196614552,Fabcab@bellsouth.net,,NC,Veteran
920349,Robert,Gilbert,6785174187,r.gil9655@att.net,,NC,Veteran
852683,Jerome,Calaway,8283615483,stacksilvernow@gmail.com,,NC,Veteran
638471,Tim,Johnston,3365884079,t_johnston33@hotmail.com,,NC,Veteran
722652,Marcus,Richardson,7044977792,marcus.i.4848@hotmail.com,,NC,Veteran
722649,Linda,Vincent,9103221815,lvinc114@aol.com,,NC,Veteran
722642,Andrzej,Kozik,2526229092,andykoxik@gmail.com,,NC,Veteran
722643,William,Talbott,8284210501,bltalbott1@hotmail.com,,NC,Veteran
722636,William,Calcaterra,5612620954,billcalcat@bellsouth.net,,NC,Veteran
722657,Fernando,Castro,9104653101,cfernando31@yahoo.com,,NC,Veteran
722653,David,Deese,9198668472,deesedavid4@gmail.com,,NC,Veteran
722685,Natasha,Willardr/,7198961008,majwillard@gmail.com,,NC,Veteran
722665,Lora,Foard,9104597290,lora.cwf@gmail.com,,NC,Veteran
722689,Leroy,Pendergrass,2528832309,lpendergrass0523@gmail.com,,NC,Veteran
722661,Rhonda,Brazzle,7043153319,brazzle_r@yahoo.com,,NC,Veteran
722681,Janice,Samilton,7065939814,sweetlbc@yahoo.com,,NC,Veteran
722688,Danielle,Phelps,9104231857,Daniellephelps58@icloud.com,,NC,Veteran
722690,CHARLES,MCCRAE SR,2123901673,SAINTCHARLES710@YAHOO.COM,,NC,Veteran
722680,Carl,Washington,9196737741,gdetec@aol.com,,NC,Veteran
722672,Alan,Brunk,9103252774,alanfender78@gmail.com,,NC,Veteran
722691,Mike,McGowan,3362645718,macd1954@aol.com,,NC,Veteran
722693,Paul,Foose,7042989320,psfoose@gmail.com,,NC,Veteran
722726,Wayne,Jones,9102615046,Waynjns52@gmail.com,,NC,Veteran
722724,Karen,Scurry,9517194005,klscurry@yahoo.com,,NC,Veteran
722730,Luis,LaTorre,5615770525,tonyrn1957@yahoo.com,,NC,Veteran
722736,.William,Moore,8284232668,wemgofish1@gmail.com,,NC,Veteran
722709,Larry,Hewitt,9107535744,larryhewitt67@gmail.com,,NC,Veteran
722733,Joann,Carver,2525491874,joanncarver7@gmail.com,,NC,Veteran
722737,Mike,Spence,9199225799,michaelspence1313@yahoo.com,,NC,Veteran
722739,Melissa Murphy,Lewis,9105490828,Mjl2418@gmail.com,,NC,Veteran
722766,Alan,Agnell,3362024015,aagnell747@gmail.com,,NC,Veteran
722757,Dennis,Brown,9733934352,newjerseync@yahoo.com,,NC,Veteran
722745,David,Hawkins,8285001118,hawkins15@aol.com,,NC,Veteran
722747,Amanda,Barnett,2525312232,barnettandbryce12@gmail.com,,NC,Veteran
722756,George,White,9809392761,slimjam63@hotmail.com,,NC,Veteran
722785,Claude,Page,9104718384,claudepage@gmail.com,,NC,Veteran
722787,Connie,Herring,9103052028,conniegh1958@gmail.com,,NC,Veteran
722776,Jack R,Stills,9109928382,jackrstills60@gmail.com,,NC,Veteran
722794,Andrew,Hall,2525145989,andrew.hall357@yahoo.com,,NC,Veteran
722793,Ana Cook,Cook,9108248253,akc5370@yahoo.com,,NC,Veteran
722832,JAMES,HARRISON,9198330630,jimh4ncpanthers@yahoo.com,,NC,Veteran
722816,Amy,Hefnet,8286323492,amyhrlychc@aol.com,,NC,Veteran
722812,Kathy,Willis,2526463897,jon.willis@usa.net,,NC,Veteran
722817,Christopher,Jones,9106588670,dollarsilver370@gmail.com,,NC,Veteran
722814,Lawrence,Clark,2525216102,lawrenceclark5414@gmail.com,,NC,Veteran
722813,Johnny,Capps,7046401089,raquetsting@netzero.com,,NC,Veteran
722838,Angela,Sesma,9105277700,angelamsesma@gmail.com,,NC,Veteran
722834,Loretta,Hill,7049643467,Lascleaningcompany@yahoo.com,,NC,Veteran
722837,Detra,Thibodeaux,7042497281,dthibs10@gmail.com,,NC,Veteran
722810,Trevis,Seward,2528203037,lamonttrevis@gmail.com,,NC,Veteran
722821,Duane,Walrath,9196896090,drwalrath@yahoo.com,,NC,Veteran
722825,Yvonne,McMahan,8282460894,mattslady64@gmail.com,,NC,Veteran
722822,Rodney,Ford,2526681034,fordrodney250@gmail.com,,NC,Veteran
722835,Margaret,McCora,7042022330,mommawolf1969@live.com,,NC,Veteran
722859,Deborah,McClain,9199017825,deborahma44@gmail.com,,NC,Veteran
722865,Teresa Mcfarland,Redcloud,8285066257,treresaredcloud@gmail.com,,NC,Veteran
722846,Paul,Jarlson,8282059330,pjarlson007@gmail.com,,NC,Veteran
722864,Betty,Ravin,7049649540,bravin11@yahoo.com,,NC,Veteran
722845,Teresa,Cumbee,9109183295,2008countrylove@gmail.com,,NC,Veteran
722848,Richard,Hobby,3364304657,hobbythumper@yahoo.com,,NC,Veteran
722884,Phil,Davis,2526651166,dozer1274@hotmail.com,,NC,Veteran
722881,Helga,Lee,9196312290,nccatblack@yahoo.com,,NC,Veteran
722892,Carol,Flocken,9196759499,clflocken63@gmail.com,,NC,Veteran
722883,Thomas,Garrett,9803226821,thomasgarrett56@gmail.com,,NC,Veteran
723205,Leala,Bell,9103332099,lealabell102@gmail.com,,NC,Veteran
722891,Gary,Wood,7742004882,garyawood2@gmail.com,,NC,Veteran
722876,Sherise,Smith,7044883646,Sherico308@gmail.com,,NC,Veteran
722894,Alfreda,Timbers,9102861009,timbersfamily@gmail.com,,NC,Veteran
722874,Suzane Oastler Allison,Allison,8285825733,Allisonoastlersuzanne4@gmail.com,,NC,Veteran
722890,evelyn,mooree,3365030178,evelynmoore104@gmail.com,,NC,Veteran
722913,Trinity,Medcaf,7046184986,movebid@gmail.com,,NC,Veteran
722921,Loren,Beahm,9109785367,loren.beahm@gmail.com,,NC,Veteran
722920,Teresa,Wilson,7046477268,t82547239@gmail.com,,NC,Veteran
722924,Carolee,Simpson,9107416361,expecting017@gmail.com,,NC,Veteran
722914,vickie,Alexander,3363017531,vickieisin@yahoo.com,,NC,Veteran
722925,Pamela,Sackrider,8284574559,pamelasackrider@gmail.com,,NC,Veteran
722919,Jeffrey,Miller,9103868845,jeffm.resolve5c@gmail.com,,NC,Veteran
722916,Nelson,Gayten,8033749006,thomas.gayten01@gmail.com,,NC,Veteran
658635,Sharon,Harrell,7573758794,slharrell52@gmail.com,,NC,Veteran
723153,Norma,Glidewell,3368703241,glideno165@gmail.com,,NC,Veteran
723182,Annie,Spencer,9107036232,anniespencer51@gmail.com,,NC,Veteran
723183,Karen,Perkins,9102339572,karpatiap@gmail.com,,NC,Veteran
723176,Ronald,Cashwell,8032607554,bogieboi1976222@yahoo.com,,NC,Veteran
723159,Dennis,Brown,3364522068,debbiesheetskoen@gmail.com,,NC,Veteran
723195,Angela,Tackett,8285720498,tackett1965@gmail.com,,NC,Veteran
723222,William,Chrisman,9106708562,bill.chrisman@hotmail.com,,NC,Veteran
751666,Darlene,Exon,8285789161,darleneexon123@gmail.com,,NC,Veteran
840799,Pamela,Ramsey,7042674403,pamelaeram@aol.com,,NC,Veteran
918496,William,Duke Jr,2525320433,billytravels@gmail.com,,NC,Veteran
817153,Phillip M.,Bunch,2528147439,phillipbunch6921@gmail.com,,NC,Veteran
725539,Robert,McClelland,2678790521,remcclelland@yahoo.com,,NC,Veteran
725555,Barbara,Ezzelle,3368475042,Louis.ezzelle@yahoo.com,,NC,Veteran
724062,Mark,Haynes,9806225519,markhaynes42@aol.com,,NC,Veteran
814021,Guillermo,Shelton,3366895724,shelton.63@hotmail.com,,NC,Veteran
592961,Milton,Maddox,7048648484,miltonmaddox@gmail.com,,NC,Veteran
724188,iva,Hunter,9105804652,Dale7@icloud.com,,NC,Veteran
724161,Dorothy,Bannister,2522880369,dorothyjeanb.com@gmail.com,,NC,Veteran
852641,Kmm,Bennett,9102095827,tobyfaith60@gmail.com,,NC,Veteran
864328,Alan,Agnell,3362024015,aagnell747@gmail.com,,NC,Veteran
847040,Cheryl,Simmons,9105837577,simmonscheryl1967@gmail.com,,NC,Veteran
864330,Steven,Burkett,3368481101,scubastevepb@gmail.com,,NC,Veteran
918532,Keith,Bingham,7574085301,keithbingham0921@icloud.com,,NC,Veteran
726869,Paul,Friddle,9108147542,cj.friddle@yahoo.com,,NC,Veteran
751660,Kim,Saunders,9109210210,Kwsaunders@gmail.com,,NC,Veteran
677490,Raymond,Karpy,7174197159,denray387@aol.com,,NC,Veteran
751571,Clarence,Garner,2523085479,garnerclarence33@gmail.com,,NC,Veteran
725413,Eustaquio,Toledo Jr.,9105269234,etoledojr@yahoo.com,,NC,Veteran
751658,Jennifer Darlene,Rotenosborne,3369770551,jdarlene833@gmail.com,,NC,Veteran
725476,Stanley,Hopkins,9107342229,czystan57@gmail.com,,NC,Veteran
725498,Cindy,Register,3366812794,dwrcor@gmail.com,,NC,Veteran
725499,Robert,Alexander,9197233278,robertalexander840@gmail.com,,NC,Veteran
725530,Kathryn,Pullins,2528837363,kathytp59@yahoo.com,,NC,Veteran
725580,Lori,Starr,7203331000,boodostarr@aol.com,,NC,Veteran
636186,Harriettie,Bates,6073739022,Clancybates@yahoo.com,,NC,Veteran
725578,Terri,Stawski,6093348898,tstawski1@yahoo.com,,NC,Veteran
725587,Willie,Howard,9104992799,williehoward316@gmail.com,,NC,Veteran
725576,Vernia,Williams,2522403695,Mrhdctyv@yahoo.com,,NC,Veteran
751628,Leslie,McCallop,2524586269,lorenzamll@yahoo.com,,NC,Veteran
751536,Arnold A.,Terry,9102654944,terryaa5g@gmail.com,,NC,Veteran
751641,Larry,Shortt,3366826464,usanumber864@gmail.com,,NC,Veteran
751636,Donald,Wright,9198089598,madmilli@me.com,,NC,Veteran
915839,Julie,Swayngim,8283828978,2010.julies@gmail.com,,NC,Veteran
679352,Denise,Jordan,8288033561,denise_jordan7@yahoo.com,,NC,Veteran
592973,Genevieve,Massenburg,9196056559,geneviaashleyga@gmail.com,,NC,Veteran
751526,Robert,Roybal,9106902549,jman1188@myyahoo.com,,NC,Veteran
557416,dennis,martin,2705774893,fleriqvogel8ms428@hotmail.com,,NC,Veteran
726390,Billy,Lanier,9102744066,brl312@hotmail.com,,NC,Veteran
726378,Earl,Cobb,2522041665,deancobb2003@gmail.com,,NC,Veteran
726423,Connie,Snyder,2522022377,cbw4200@yahoo.com,,NC,Veteran
726427,Matthew,Graham,7042580509,matthewgraham.mg@hotmail.com,,NC,Veteran
726420,Christy,Gordon,9193307232,chrispooh1980@gmail.com,,NC,Veteran
726413,kathy,Coble,3366220000,kkcoble65@gmail.com,,NC,Veteran
726415,Linda,Jennings,8285587659,jenningsl6770@gmail.com,,NC,Veteran
622722,Allen,Tarver,7184835188,allentarver@live.com,,NC,Veteran
726491,Gaylord,Rockett,9803474758,gaylordrockett980@gmail.com,,NC,Veteran
654730,Laura Louise,Nichols,3364660865,lauralnichols1970@yahoo.com,,NC,Veteran
726602,Dale,Hughes,3369245061,veteran6369@hotmail.com,,NC,Veteran
726613,Viesta,King,3365087512,kingviesta@yahoo.com,,NC,Veteran
726961,Linwood,Foye,9196040119,pfoye56@gmail.com,,NC,Veteran
918560,Rosalee J,Deese,9106748338,redelkrosalee1@gmail.com,,NC,Veteran
592746,Angela,Cooke,9195274231,angelacookee4@gmail.com,,NC,Veteran
726829,Mark,Holliday,8285775401,Markholliday99999@gmail.com,,NC,Veteran
726900,Bobby,Jenkins,9109051791,bobbertjenkins2@gmail.com,,NC,Veteran
726887,John H,Black,2025496306,jhb1976@aol.com,,NC,Veteran
726899,Angela,English,7049296773,bugsbeegone@gmail.com,,NC,Veteran
726917,Eric,Fulton,9802898011,efulton529@gmail.com,,NC,Veteran
726950,LAKEISHA,PETERSON,2523428441,BLANDLAKEISHA@YMAIL.COM,,NC,Veteran
814010,Mary,Murrrell,2522298668,mmurrell345@gmail.com,,NC,Veteran
915683,Ron,Chambers,8284614669,ncladybugs2000@gmail.com,,NC,Veteran
727080,Mona,Tyson,3474958247,mona_tyson_2000@yahoo.com,,NC,Veteran
727120,Roy,Turner,9102869281,royturner0703@gmail.com,,NC,Veteran
786949,James,Poole,2529552159,jamesapoolesr.1@gmail.com,,NC,Veteran
819164,Jennifer,Fitzgerald,8284518763,jennifersitton3333@gmail.com,,NC,Veteran
727204,katrina,chrismon,3362355131,katrinacorkill124@gmail.com,,NC,Veteran
733257,Lionel,Jones,2524558382,lionelj2325@gmail.com,,NC,Veteran
661717,Gilbert,Parker,9105380325,gilparker1970@gmail.com,,NC,Veteran
916480,Larry,Bradley,7043101530,bradleyl2014@gmail.com,,NC,Veteran
679770,Juanita,Williams,9105682711,ncjwms@yahoo.com,,NC,Veteran
814005,Thomas,Fitzpatrick,4128487360,tfitzpatrick65@yahoo.com,,NC,Veteran
557003,Kimberly,Hogan,9802971857,kk42348@gmail.com,,NC,Veteran
693835,Rich,Verde,5164560299,richard.verde54@gmail.com,,NC,Veteran
751583,Chris,Biecker,8288502566,gqconsulting61@gmail.com,,NC,Veteran
728121,Betty,Vaughn,3366861863,bettyvaughn4343@gmail.com,,NC,Veteran
676316,Tony,Bradshaw,9102822198,tugboat1962@yahoo.com,,NC,Veteran
728452,Tommy,Wendell,7048191525,Tommyw933@yahoo.com,,NC,Veteran
728508,Diane,Ragland,3367913510,dragland1955@yahoo.com,,NC,Veteran
850387,Shirley,Mangum,9102973236,shirleymangum@yahoo.com,,NC,Veteran
679101,Adrianne,Scott-Brown,7706165875,browna0104@gmail.com,,NC,Veteran
622457,Jennifer,Bailey,7047778620,jenjenbailey32@gmail.com,,NC,Veteran
618652,Paula,Robinson,7042873305,mrsp1961@gmail.com,,NC,Veteran
751616,Don,Male,9165081394,dmale916@gmail.com,,NC,Veteran
654658,LaVerne M,Owens,9808921848,lave28@gmail.com,Lexington,NC,Veteran
638605,Carol,Stahl,9105076267,altoonagal1@yahoo.com,,NC,Veteran
653613,Heather,Greathouse,8282386619,greathouseheather91@gmail.com,,NC,Veteran
733569,Vivian,Baucom,7045257642,Vivianb7855@gmail.com,,NC,Veteran
733567,Reina,Foster,9197502884,reinafoster82277@gmail.com,,NC,Veteran
751577,Ronald,Baker sr.,8284603307,hairlsred1@gmail.com,,NC,Veteran
751626,Gary Edward,Schultz,7043085038,luckya2zzz@gmail.com,,NC,Veteran
920404,Cranval,Ledford,8284429847,janice.ledford10@gmail.com,,NC,Veteran
729984,mike,whitley,2523611991,mwwhitleysr@gmail.com,,NC,Veteran
729972,Kenneth,Miller,8286408327,Cmiller3705@yahoo.com,,NC,Veteran
730010,Norman,Burnette,9196386153,burnettenorman044@gmail.com,,NC,Veteran
730162,Shirley,Sharman,2522699599,shirlesharman@gmail.com,,NC,Veteran
730163,Nicky,Rose Theis,7044506231,nicolletheis@aol.com,,NC,Veteran
730164,Gail Ketchie,Ketchie,8283101717,gailopensdoors@gmail.com,,NC,Veteran
730176,David,Greene,3365537045,dgttime11@gmail.com,,NC,Veteran
912166,Jade,Russell,919228692,jabale@27725,,NC,Veteran
864489,Janice,Lemay,9808952793,lemay432@gmail.com,,NC,Veteran
733252,James,Poole,2529552159,jamesapoolesr.1@gmail.com,,NC,Veteran
636003,James,Britton,8027933120,chester22.jb@gmail.com,,NC,Veteran
731907,Dave,Hopper,9104169923,dhopper652@gmail.com,,NC,Veteran
850168,Warren,Price,9105781117,pineygrove219@gmail.com,,NC,Veteran
731954,Dan,Edinger,7043156790,knadan1@yahoo.com,,NC,Veteran
596402,Richard,Witherup,7244961944,justafire@yahoo.com,,NC,Veteran
572907,Mitchell,Mccurdy,3368038101,mccurdymitchell95@gmail.com,High Point,NC,Veteran
734889,MICHAEL,LITTLE,2523080404,,,NC,Veteran
734888,THOMAS,MAYLE,2525784808,MAYLETHOMAS74@GMAIL.COM,,NC,Veteran
734879,ROY,AUSTIN,2525295497,DR.FJAUSTIN@GMAIL.COM,,NC,Veteran
734878,EDWIN,SILVER,2525868404,,,NC,Veteran
732240,Michele,Rudder,5169659439,michele1212@hotmail.com,,NC,Veteran
918773,Roger,Wells,9103372137,wellsroger1945@gmail.com,,NC,Veteran
864458,Amy,Jonson,87334248,amy_@army.com,,NC,Veteran
741661,Blair,Isenhower,9192479385,bisenhower@gmail.com,,NC,Veteran
741666,Bobby Ray,Nix,7046504729,Stingrayfx1@yahoo.com,,NC,Veteran
856087,William C,Spainhour,3368132858,wspainhour@yahoo.com,,NC,Veteran
733254,Joseph,Murray,9102842692,bmurray5047@gmail.com,,NC,Veteran
733383,WAYNE,KACHELRIESS,8433688352,,,NC,Veteran
733391,PAUL,JAMES,8048762081,,,NC,Veteran
863015,Rain,glass,331225691,rany@plusp.com,,NC,Veteran
733587,Lorie,Beal,9197704236,loriebeal0511@yahoo.com,,NC,Veteran
733571,Matthew,Dorsey,2522145508,dorseymatthew8@gmail.com,,NC,Veteran
733577,Ronald,Stamey,8284678889,ronald.stamey04@gmail.com,,NC,Veteran
733578,Cynthia,Croom,2529332412,cynthiacroom1@gmail.com,,NC,Veteran
733584,Adelheide,Cooper,9108014128,slg.ajglove@gmail.com,,NC,Veteran
733573,Josette,Winder,7026249394,winderjosette@yahoo.com,,NC,Veteran
733590,Terrell,June,2525287074,terrelljune100@gmail.com,,NC,Veteran
733591,Walter,White,8387355305,wew1960@hotmail.com,,NC,Veteran
733579,Randall,Hill,2529479406,ezgoing6969@gmail.com,,NC,Veteran
733593,Bruce,Donahue,2196142330,adoptedson@twc.com,,NC,Veteran
733592,John,Lufkin,7042392996,Lufkink8@gmail.com,,NC,Veteran
733603,Frank,Crumel,2522451127,frankcrumel@yahoo.com,,NC,Veteran
733581,Minnie,Sutherland,2525251716,mamapearl2@netzero.net,,NC,Veteran
733576,Aaron,Williams III,7046343356,adubwilliams3@gmail.com,,NC,Veteran
733635,Barbara,Bloodworth,9102972733,bloodworthbarbara54@gmail.com,,NC,Veteran
735390,KATHERINE,OZMERAL,3364732768,WATSONOZ@HOTMAIL.COM,,NC,Veteran
648161,MARK,MARCO,7047948045,grandpamarco@gmail.com,,NC,Veteran
769411,CALLIS,BRIDGERS III,2526716660,,,NC,Veteran
733802,DAVID,PORTER,9783601581,DMPORTSR@GMAIL.COM,,NC,Veteran
673685,herman,andrews,7164724933,chrysherm@aol.com,,NC,Veteran
747837,Benny,Duncan,9109183130,pollyandbennyforever@gmail.com,,NC,Veteran
739229,ROBERT,PIKE,9494395442,rpike418@yahoo.com,,NC,Veteran
734849,Michael,Baker,9195139819,mbbaker127@gmail.com,,NC,Veteran
734899,DEBORAHLINE,GOGGINS,8083926143,,,NC,Veteran
734904,JANIE,GALLOWAY,9196079591,PGALLOWAY54@GMAIL.COM,,NC,Veteran
734903,CANDY,BYNUM,7574054311,CBYNUM_2000@YAHOO.COM,,NC,Veteran
591402,Warren,Dunshee,+19106003696,warrendunshee1956@gmail.com,Parkton,NC,Veteran
915408,Karin,Gurnee,2529992067,mommyandtyler16@gmail.com,,NC,Veteran
918861,Wayne,Rose,7435428567,waynerose1230@gmail.com,,NC,Veteran
916685,Willie,Fleming,7047134482,ailfleming3@gmail.com,,NC,Veteran
735658,Robert C,Patterson,9105459678,brendapatterson19@yahoo.com,,NC,Veteran
735664,James T.homas,Simmons,9193333644,sdeacon01@gmail.com,,NC,Veteran
735659,Freddie,Denson,9108823527,freddenson63@gmail.com,,NC,Veteran
735667,Robert,Miller,7274803742,Bobbythecan@yahoo.com,,NC,Veteran
735675,Elvis,Pinkney,8286411777,elvispinkney8@gmail.com,,NC,Veteran
735670,John,Sackmann,9109759703,jsackmann@nc.rr.com,,NC,Veteran
920662,Stephen,Rockwood,3366016558,scrockwood@gmail.com,,NC,Veteran
885234,Ronald,Willis,2527232187,willis.erma002mail.com@gmail.com,,NC,Veteran
810635,Brulynn,Love,3176243545,hahsjdrbs@gddudydhd,,NC,Veteran
913193,Charles,Curtis,3365527309,charlescurtis1945@gmail.com,,NC,Veteran
845111,Timothy,Varley,6145653273,Michelle.espino2021@yahoo.com,,NC,Veteran
862263,Betty Ann,Hardy,9107052875,bhardy65@yahoo.com,,NC,Veteran
736899,Hubert,Reaves,9106160160,Lreaves@atmc.net,,NC,Veteran
855984,George,Duren,7044976652,gwd1945@aol.com,,NC,Veteran
737091,Jonathan,Love,7046502004,oo39jlove@aol.com,,NC,Veteran
873743,Gregory,Irby,4434846421,lagregg@verizon.net,,NC,Veteran
748391,Anita,Humes,9106247221,msfayeya@gmail.com,,NC,Veteran
919067,Michelle,Keever Smith,7043225177,keeversmichelle3@gmail.com,,NC,Veteran
863138,Cindy,Clubb,8282751279,cclubb67@gmail.com,,NC,Veteran
835046,William,Canfield Jr.,2526192905,canfielddave5@gmail.com,,NC,Veteran
863160,Ella,Boon,929526910,live@26,,NC,Veteran
864509,george,lipscomb,9192235033,gel0925@aol.com,,NC,Veteran
919081,Lacy,DeBerry,3369721452,lacy_deberry@yahoo.com,,NC,Veteran
863245,Charles,Norris,9806898728,charlesnorris366@gmail.com,,NC,Veteran
863182,O,J,9000000000,trrrrt@reew,,NC,Veteran
862577,Sue,Borel,3374001468,sueclaire1@gmail.com,,NC,Veteran
865081,Justin,Hosey,7047474420,justinhosey421@gmail.com,,NC,Veteran
748399,JAMES,TRENT,3364278762,nanaw4@yahoo.com,,NC,Veteran
748401,Craig,Perry,9103093669,witchdoc33@yahoo.com,,NC,Veteran
748404,Larry,Whitfield,7044920812,Ferrisweston0@gmail.com,,NC,Veteran
739263,General,Mealer,9197536640,mcarthurgm@yahoo.com,,NC,Veteran
739271,David,Jones,9107124847,djonesbird@gmail.com,,NC,Veteran
848924,Teressa,Blanchard,2523395973,blanchardteressa8@gmail.com,,NC,Veteran
748430,Alice,Smithey,3365523350,smitheyalice@gmail.com,,NC,Veteran
748420,Maynard,Blair,9108805876,Carrollblair@gmail.com,,NC,Veteran
860942,Earl & mary.   Phillips,Phillips,2523437623,MaryJones27834@icloud.com,,NC,Veteran
844242,Diane,Bouchelle,3369770418,bouchellediane1958@gmail.com,,NC,Veteran
867895,Furman,Burt,3369180113,furman@fgburt.com,,NC,Veteran
919189,Antonio,Jackson,7048063463,Odark5646@gmail.com,,NC,Veteran
912206,Jane,Cook,8282733363,janecook12051947@gmail.com,,NC,Veteran
694534,Linda,Pride,9152742415,linda.pride1@yahoo.com,,NC,Veteran
635900,Luther,Owens,8285051111,luthero50@gmail.com,,NC,Veteran
920661,Mike,Moore,2528763394,michealwilson1952@yahoo.com,,NC,Veteran
851498,Clarence,Bryant,3364200299,clarence.bryant@gsocomplex.com,,NC,Veteran
919234,bryan,berry,9106241680,tillthend4@gmail.com,,NC,Veteran
741580,Michael,justice,9195942932,michael.justice.mj62@gmail.com,,NC,Veteran
741740,Antonette,Cunningham,8287749810,cunninghamantonette@yahoo.com,,NC,Veteran
741724,Robert,Forney,8284038279,rforney6061@gmail.com,,NC,Veteran
741784,Tonya,Leathers,2522596153,tonyaleathers55@icloud.com,,NC,Veteran
741882,latasha,Sanders,9804514246,samyazamya24017@gmail.com,,NC,Veteran
919275,Bobby,Proctor,2523631339,bishopbeproctor41@yahoo.com,,NC,Veteran
835222,Bobby,Holmes,9196321004,rholmes@wcpss.net,,NC,Veteran
742691,Debbie,White,9109866283,debbiewhite1919@gmail.com,,NC,Veteran
742702,Samuel,Hamlet Jr,3363245321,samuel.hamlet@yahoo.com,,NC,Veteran
742699,Angela,Blassingame,3365537976,ANGIEBLASS@GMAIL.COM,,NC,Veteran
742687,Herman,Lewis,2522991738,hermanlewis525@gmail.com,,NC,Veteran
742680,MARIO,PULEO,3369494641,harleyfxd97@aol.com,,NC,Veteran
742720,Todd,Fraysier,9366765864,fraysierdelores@yahoo.com,,NC,Veteran
742703,Jerry,Murph,8284348118,Jerrymurph5@gmail.com,,NC,Veteran
742705,Polly,Rosenberg,8472264955,pollyann72@gmail.com,,NC,Veteran
742725,John,Kelly,2523156591,jkelly5238@aol.com,,NC,Veteran
748590,Phyllis,Gumm,3362148410,phyllisgumm@bellsouth.net,,NC,Veteran
742788,Twonana,Campbell,9193944671,twonanaron@gmail.com,,NC,Veteran
743690,Arnette,washington,3369548247,arnettewashington1@gmail.com,,NC,Veteran
915823,Erika,Goodson,7047405385,erikagoodson43@gmail.com,,NC,Veteran
864786,Brandy,Rangel,8285421792,rangelbrandy953@gmail.com,,NC,Veteran
596779,Frederick,Connor,2527170288,mae8513@gmail.com,,NC,Veteran
748639,Ivelisse,Cordero,9107095539,ivelissev31@aol.com,,NC,Veteran
748627,Johnny,Mercer Sr.,2529049463,jrmercer1@hotmail.com,,NC,Veteran
748631,David,Baker,3369045234,dabaker12@gmail.com,,NC,Veteran
916385,Thomas,Rhodarmer,8285078458,trhodarm@yahoo.com,,NC,Veteran
748038,Ravid,Cameron,9192912527,mcamerondmz@gmail.com,,NC,Veteran
748036,Judson,Morton,9106244519,jmjr737@aol.com,,NC,Veteran
743537,Alvin,Kelly,2527670978,alvinkelly42@gmail.com,,NC,Veteran
743509,Martin,Griffin,8287293614,hank24241962@gmail.com,,nc,Veteran
851634,Jeffrey,,+13364085341,Whitejeffrey304@gmail.comy,,NC,Veteran
743561,David,Fry,7706171235,leatherneckdav@gmail.com,,NC,Veteran
743582,Stanley,Bennett,9803190109,burnell_47@hotmail.com,,NC,Veteran
743583,Milton,Ludd,9103822062,domelast@yahoo.com,,NC,Veteran
743589,Ronald,Kerns,8287773840,ronkkerns@gmail.com,,NC,Veteran
743619,Yulanda,Everett,2526795165,yulandatray@outlook.com,,NC,Veteran
743620,Rodney,Divers,5405196033,divers.rodney.rd@gmail.com,,NC,Veteran
743618,Samuel,Blocker,3369065166,mrsamblocker@gmail.com,,NC,Veteran
916722,Jacquelyn,Deans,9103664978,Jacquej444@gmail.com,,NC,Veteran
743648,Tommie,Tucker,8282304570,tommietucker67@gmail.com,,NC,Veteran
743672,Cathy,Sales,9106508538,Cindysales@msn.com,,NC,Veteran
743700,Donna,Davison,9197799911,davisondonna9911@gmail.com,,NC,Veteran
743732,Ricky,Gray,9109879363,ricky9594@yahoo.com,,NC,Veteran
743772,Michael,Swann,7575812592,michaelswann106@gmail.com,,NC,Veteran
748659,Brenda,Britt,2529171044,brittbrenda419@gmail.com,,NC,Veteran
748660,Lonnie,Matteson,8282283515,lon632002@gmail.com,,NC,Veteran
748658,Gloria B,Mckeever,2252523850,glorblackled11@gmail.com,,NC,Veteran
849862,Thomas,Taylor,4704229165,tomtaylor24@rocketmail.com,,NC,Veteran
916606,Lorenzo,Barnes,9108274847,lorenzob9012@gmail.com,,NC,Veteran
915335,Lance,Tillman,7573905571,LTillman1@gmail.com,,NC,Veteran
918073,Charles,Graves,3363927791,chuckgraves4@gmail.com,,NC,Veteran
868831,Hernan,Marquez,9565579569,herman109077@gmail.com,,NC,Veteran
864904,Senay,Howard,9802093989,segean.hailu@gmail.com,,NC,Veteran
915187,Jennifer,Anderson,2528085190,desophina@gmail.com,,NC,Veteran
748693,Bobby,Pratt Jr.,9105515131,bobbyprattjr9@gmail.com,,NC,Veteran
748705,Robert,Watkins,7049683437,robertl.watkins@att.net,,NC,Veteran
748703,Brittany,Goddard,8503828759,brittanygoddard692@gmail.com,,NC,Veteran
861853,Joe,Andrews,3364835397,andrewsvera288@gmail.com,,NC,Veteran
919371,Audrey,Little,8286459976,littleaudrey1959@gmail.com,,NC,Veteran
916219,Justis,Chavis,9106351955,justischavis943@gmail.com,,NC,Veteran
619447,Susan,Croom,9107098406,mansganny2@gmail.com,,NC,Veteran
833337,Leonardo,Torres,8656604867,gunmaster@charter.net,,NC,Veteran
619217,Jason,Strathern,9106769596,jason.strathern32@gmail.com,,NC,Veteran
919379,Jimmy,Curtis,8284052462,jimmychickory@aol.com,,NC,Veteran
748560,Stephen,Lewis,3363287475,wandora71@aol.com,,NC,Veteran
748557,Stuart,Collick,9106704347,collickstuart7@gmail.com,,NC,Veteran
864951,Elizabeth,Evans,9199607955,emevans500@aol.com,,NC,Veteran
747018,Kenneth,Burnett,3369874243,kennethburnett9@gmail.com,,NC,Veteran
748359,Bobby,Houston,2529394576,bdhouston@hotmail.com,,NC,Veteran
748340,Dorothy,Baylor,2528137715,dorothykbaylor@yahoo.com,,NC,Veteran
919242,Paul,Luper,3368174707,pwluper49@gmail.com,,NC,Veteran
751556,Annie,Gillon,9842391239,anniegillon@yahoo.com,,NC,Veteran
914989,Kenneth,Marshall,5402208376,jeschelleym@yahoo.com,,NC,Veteran
747912,james,valentine,2528134517,cvalentine65@hotmail.com,,NC,Veteran
747916,jose,luis,9193563046,eddiespence7@gmail.com,,NC,Veteran
747990,Debbie,Carroll,8287962302,debcarroll1977@gmail.com,,NC,Veteran
748026,Lois,Kinard,9192084698,nanabucky05@gmail.com,,NC,Veteran
748046,Frederick,Isley,4042015680,isleyfrederick@gmail.com,,NC,Veteran
748121,Michael,Marvels,8282803152,marvels55@bellsouth.net,,NC,Veteran
748127,LaSharon,Thomas,5805747637,Lthomasost134@hotmail.com,,NC,Veteran
748107,Charlie,Keys,2525582803,charliekeys54@yahoo.com,,NC,Veteran
748114,joe,Morings,9103644178,joseph.morings@aol.com,,NC,Veteran
748246,Ralph,Bryant,8283023876,sbryant5571@gmail.com,,NC,Veteran
748160,Michelle,Balducci,8285051235,michellebalducci1964@gmail.com,,NC,Veteran
748187,Henry,Graham,7045197641,pugraham@carolina.rr.com,,NC,Veteran
748185,Tina,Baker,9107338443,bakervrg@aol.com,,NC,Veteran
748273,John,Covert,9199304077,jrcovertjr@gmail.com,,NC,Veteran
748327,Judy,Lowery,9107331752,littlebob0131@gmail.com,,NC,Veteran
412884,Mark,Ward,4052083265,dougnorris999@gmail.com,Whiteville,NC,Veteran
813518,Mike,Byerly,9108800597,mikey28461@gmail.com,,NC,Veteran
820206,Matthew,Perry,9103084475,perrydtp@gmail.com,,NC,Veteran
916545,Mike,Willoughby,9104619509,mikegunrunner54@gmail.com,,NC,Veteran
820219,Mckayla,Graham,8284355072,mgraham1204@gmail.com,,NC,Veteran
917213,Lacee,Estes,9105468860,lacee.d.estes@gmail.com,,NC,Veteran
914149,Anthony,Whitfield,2524742837,Ryanwhitfield1242@gmail.com,,NC,Veteran
916532,Jannette,Mccoy,8287368425,janettemccoy44@gmail.com,,NC,Veteran
918093,Don,Oberlies,7046170728,doberlies@hotmail.com,,NC,Veteran
913576,Marilyn,Guthrie,7046614324,mgguth3s@gmail.com,,NC,Veteran
919453,Stanley,Spangle,3368865543,spangle@northstate.net,,NC,Veteran
918667,Donald,Frericks,8649014594,Spudman1945@gmail.com,,NC,Veteran
864985,William,Skinner,2522895282,wskinner5@nc.rr.com,,NC,Veteran
862200,Leanne,Skidmore,7048334377,salvi.pascual@gmail.com,,NC,Veteran
919353,Melissa,,+19107872510,melikaanne40@gmail.comm,,NC,Veteran
864989,Joaquin,Johnson,7048134574,joaquinjo90@icloud.com,,NC,Veteran
749937,Jo,Duke,2522598094,dukecynthia20@gmail.com,,NC,Veteran
864993,Beverly,Nole,3017926473,bryantbeverly60@yahoo.com,,NC,Veteran
817403,DIANE,BOWMAN,2522923256,bowmandiane50@yahoo.com,,NC,Veteran
865003,Chris,Johnson,3173135268,chrisjohnsoncannan@gmail.com,,NC,Veteran
865004,Randy,Guidry,9857135689,randyjr37.rg@gmail.com,,NC,Veteran
823247,Derrick,Bethea,9105510950,youngflyakadblock87@gmail.com,,NC,Veteran
751549,Diane,Potts,7044371209,dianepotts4343@gmail.com,,NC,Veteran
412263,Pauline,Weaver,7044664198,paulineweaver100@gmail.com,Shelby,NC,Veteran
865468,Tom,Miller,3369773245,tommiller1050@gmail.com,,NC,Veteran
750747,Max,Burton,3363121234,aclassicnu@earthlink.net,,NC,Veteran
750834,Douglas,Campbell,9108827070,gracebaptis1127@yahoo.com,,NC,Veteran
820636,Jerry,Royster,3363806396,jerryroyster9@gmail.com,,NC,Veteran
750878,Roger,Dail,2523419165,carolyn81645@gmail.com,,NC,Veteran
912275,John,Malone,9196658990,jojumalo@aol.com,,NC,Veteran
865079,Keith,Wrighting,2676399355,k.wrighting81@gmail.com,,NC,Veteran
919490,Eton,Everett,9197584107,etoneveret@gmail.com,,NC,Veteran
751152,william,rodriguez,7608156052,rodbil01@hotmail.com,,NC,Veteran
758760,Ronnie,Minchey,3362077992,mincheyron@gmail.com,,NC,Veteran
839557,Digna,Lopez-Rodriguez,9108854525,Dignalr74@gmail.com,,NC,Veteran
869612,Delilah,Been,865445584,Chuckworks@outlook.com,,NC,Veteran
758468,florencemorris339@gmail.com,florencemorris339@gmail.com,2526700662,florencemorris339@gmail.com,,NC,Veteran
828333,JAKIE,CHAN,7133745074,POYONOY675@ICUBIK.COM,,NC,Veteran
758376,Russell,Hunsinger,5707725664,dothun@yahoo.com,,NC,Veteran
553916,Donna,Yarboro,3365045425,tobiey101767@gmail.com,,NC,Veteran
865050,Deborah,Montes,9107292205,montesdeborah14@gmail.com,,NC,Veteran
865064,ftgy,olmjjm,3655688563,fiteje1161@netoiu.com,,NC,Veteran
847648,Bobbie,Burke,9194829328,bobbiehburke@yahoo.com,,NC,Veteran
654689,Jack,Clayton,9106200204,jcschevy@aol.com,,NC,Veteran
612967,charles,sparrow,2524320200,cmsparrow@yahoo.com,,NC,Veteran
855626,Denard,Mosley,9102296716,denardm154@gmail.com,,NC,Veteran
618986,marla,Grant,9105277907,kjmomma94@gmail.com,,NC,Veteran
865092,Lincoln,Gordon,9195145994,lincolndouglasgordon@gmail.com,,NC,Veteran
619507,Sheila,Nye,3363024348,nanasheilaof3s@aol.com,,NC,Veteran
595945,Johnlee,Brafford,7046891998,smile92467@gmail.com,,NC,Veteran
865100,Denise,Bullock,9198065073,dbullock716@gmail.com,,NC,Veteran
853610,Jerome Byron,Parker,3365203293,gleam393@gmail.com,,NC,Veteran
885630,Daniel,Ahlfeld,7725387836,d3ahlfeld@aol.com,,NC,Veteran
861597,Perry,Gatewood,9102804361,littlegate149@gmail.com,,NC,Veteran
591542,Alice,Cox,3364418002,alcox333@yahoo.com,Summerfield,NC,Veteran
861811,Sam,Shives,9105017704,shivessam89@gmail.com,,NC,Veteran
644263,William,Garrett,6025105182,tterragx2@gmail.com,,NC,Veteran
619893,James,Moore,3369050603,jameswmoore911@gmail.com,,NC,Veteran
804521,Henry,Miehle,9103224385,smiehle@spectrum.net,,NC,Veteran
647035,Elu,Caldwell,9192805902,caldwell.ae@gmail.com,,NC,Veteran
824685,Michael,Newberry,7042546453,michaelnewberry91@gmail.com,,NC,Veteran
804622,william,rodriguez,7608156052,rodbil01@hotmail.com,,NC,Veteran
804351,Roger,Dail,2523419165,carolyn81645@gmail.com,,NC,Veteran
654333,Celeste,Fussell,2522861962,celestefussell@gmail.com,,NC,Veteran
640647,Debbie,Stith,2522199007,dstith723bs@gmail.com,,NC,Veteran
640696,Wade,Hampton,3073994108,irenehampton@hotmail.com,,NC,Veteran
643160,Glada,Hearn,9108141244,hearnglada133@gmail.com,,NC,Veteran
870603,Neal,Shelley,3014662876,jonshel48@hotmail.com,,NC,Veteran
642028,Christopher,Schuyler,9198888801,flynavymarines@gmail.com,,NC,Veteran
848198,Pamela,Hannah,8284009919,p.hannah1956@gmail.com,,NC,Veteran
916268,Melissa,Cole,9108529843,melissacole41@yahoo.com,,NC,Veteran
865172,Sean,Bieber,2528141405,sean.bieber@thermofisher.com,,NC,Veteran
915717,Arlene,Harris,9847892850,Surra@juno.com,,NC,Veteran
912914,James,Goodman,7062151875,jimgoodman@windstream.net,,NC,Veteran
912362,Christopher,Spratt,7049633118,coolcjs25@gmail.com,,NC,Veteran
865194,Thomas,Ledford,8285756036,tledford458@gmail.com,,NC,Veteran
859836,Cynthia,Stitt,7046167989,cynthia.stitt@gmail.com,,NC,Veteran
865192,Sierra,Vargas,8648471690,slvcofc@gmail.com,,NC,Veteran
844325,John,Goad,3364041523,john.goad@yahoo.com,,NC,Veteran
865209,William,Gaddy,9104761095,william.gaddy1996@gmail.com,,NC,Veteran
916721,Mark,McElroy,9199461315,mmcelroy4@yahoo.com,,NC,Veteran
850041,Christine,Bristow,3362478187,christinelbristow@gmail.com,,NC,Veteran
874837,Benjamin,Handy,910824877,benjaminhandy094@gmail.com,,NC,Veteran
762989,STEPHEN,DIGGS,5029399447,DIGGES609@GMAIL.COM,,NC,Veteran
833645,William,Norton,7044977824,dnss02.22@gmail.com,,NC,Veteran
763440,Sandra,Toole,9105791139,barefoottarheel@gmail.com,,NC,Veteran
762971,PAUL,CUCINOTTA,3102933254,,,NC,Veteran
913256,James,Hill,7042588869,ampeggray@gmail.com,,NC,Veteran
763239,Larry,Jennings,9196048269,larryjenni@gmail.com,,NC,Veteran
763836,Jeanette,Kidd,8282801570,jnutty54dcba@gmail.com,,NC,Veteran
645496,Donnaa,Love-Martin,3369066657,raye336@gmail.com,,NC,Veteran
874833,Brantley,Jacobs,3346580303,brantleyjacobs5@gmail.com,,NC,Veteran
915188,Jatissa,Pruitt,9043052407,Jatblac43@gmail.com,,NC,Veteran
912382,Brederick,Scott,276639266,brederickscott920@gmail.com,,NC,Veteran
915744,Yolanda,Rivera,9104760372,Shalomrivera1@aol.com,,NC,Veteran
674752,Thomas,Herbert,9193063197,1tom.herbert@gmail.com,,NC,Veteran
673331,Douglas,Capps,7704905537,sgtcapps226@gmail.com,,NC,Veteran
676149,Connieco,Colville,9108147112,Conniecolville508@gmail.com,,NC,Veteran
677559,Gloria,Currie,3365166802,Gandscurrie@gmail.com,,NC,Veteran
678231,Mark,Lane,3365098249,marcgloverstreet@gmail.com,,NC,Veteran
853422,Floyd,,+19196274680,BOUBAISWEETEES@GMAIL.COM,Durham,NC,Veteran
678753,Neil,Hunter,3365093797,mil12nil@yahoo.com,,NC,Veteran
679247,John,Oshea,9803904919,osheaj1952@gmail.com,,NC,Veteran
678106,Douglas,Grant,9107511419,Tagalong511@hotmail.com,,NC,Veteran
593140,Jack,Taylor2,828242468,j40898140@gmail.com,,NC,Veteran
523687,Jennifer,Edwin,3369546553,Jenlove46@icloud.com,,NC,Veteran
845848,brian,hogeboon,9199359651,bkhogs@yahoo.com,,NC,Veteran
854176,Thomas,Richardson,2524357878,thomasrichardson1972@hotmail.com,,NC,Veteran
840727,Patrick,Locklear,9103227905,patricklocklear630@gmail.com,,NC,Veteran
412861,Richard,Weddle,3369085549,richardiweddle@gmail.com,Leicester,NC,Veteran
863066,Alfred,Ramos,9196739809,goodlooknpr@yahoo.com,,NC,Veteran
528857,Treni,Lockhart,7044608556,tvcurry15@gmail.com,,NC,Veteran
763700,Abdullah,Hasan,3365212159,abdullahhasan742@yahoo.com,,NC,Veteran
763261,TIMOTHY,DANAHEED,2022883994,,,NC,Veteran
834666,Ronald,Boyles,9109885958,ronniejeromme98@yahoo.com,,NC,Veteran
763835,Brenda,Mitchell,3362669368,mitchellbrenda1952@gmail.com,,NC,Veteran
763380,Jerry,Cheek,9192795074,jlcheek63@yahoo.com,,NC,Veteran
678378,Jerry,Morrison,3365759972,jerryleomorrison@gmail.com,,NC,Veteran
765155,David,Knapp,3044813014,wvbambam2014@yahoo.com,,NC,Veteran
765466,Ray,Hall Jr.,9197409516,hrayjr@currently.com,,NC,Veteran
764351,Frederick,Rosania,2526391573,jrrosania@gmail.com,,NC,Veteran
764075,Alonzo,Glover,7042470059,alonzoglover@yahoo.com,,NC,Veteran
677491,Dave,Caley,7654383544,DavidRCaley@aol.com,,NC,Veteran
847795,Wanda,Thomas,8287551805,wandathomas1659@gmail.com,,NC,Veteran
865333,Gaol,Sabato,7575352648,gailsabto@hotmail.com,,NC,Veteran
765425,William,Harris,2524505440,wjharris1962@aol.com,,NC,Veteran
823508,Anthony,Lawson,7043859646,anthonylawson422@gmail.com,,NC,Veteran
765185,Antonio,Marsh,9107838317,antoniomarsh70@gmail.com,,NC,Veteran
676400,LYNDA,SANDERS,9105125342,lynsanders55@gmail.com,,NC,Veteran
765504,Gladys,Graves,9106917169,mysixdogs6@gmail.com,,NC,Veteran
765122,Beth,McLemore,7046202967,bethmclemore1@gmail.com,,NC,Veteran
765407,Ruth,Patterson,3369186318,pattersonruth58@gmail.com,,NC,Veteran
765456,Constance,Powell,2525677116,johnsonconstance573@yahoo.com,,NC,Veteran
915274,John,Cavanagh,9103993246,johnthecav@aol.com,,NC,Veteran
851826,Beverly,McLaughlin,9193009935,susimac2000@yahoo.com,,NC,Veteran
766283,SHIRLEY,MILLER,2526788337,MILLERSHIRLEY40@GMAIL.COM,,NC,Veteran
780954,Loyd junior,Poole,9195995688,roypthomas99@yahoo.com,,NC,Veteran
582341,Bruce,Craven,9104343928,cravenbruce5@gmail.com,,NC,Veteran
766292,DAVID,DAWSON,9108741630,,,NC,Veteran
683740,Charles,OQuinn,7045178655,charles112343@yahoo.com,,NC,Veteran
593717,Cindy,Robertson,2529330946,encsoftball@yahoo.com,,NC,Veteran
841035,serge,Nejberger,7045381152,bergerbunch@hotmail.com,,NC,Veteran
834987,Melody,Durrell,3369568909,melodydurrell@gmail.com,,NC,Veteran
847645,Phyllis,Bagby,3475281727,phyllisbagby54@gmail.com,,NC,Veteran
691647,Donnell,Neal,3364304200,donnellneal23@gmail.com,,NC,Veteran
837014,Gail,Lackey,8282345063,gailricklackey2@gmail.com,,NC,Veteran
766290,AL,COOPER JR,2522572594,,,NC,Veteran
765482,Bruce,Heckelman,8288179845,Bheckel169@gmail.com,,NC,Veteran
575942,Jon,Brown,9842944751,jcbrown7085@gmail.com,Goldsboro,NC,Veteran
856637,Christopher,Brown,6313940155,kendell186@hotmail.com,,NC,Veteran
594368,Esther,Taylor,2529333951,burney.diane@yahoo.com,,NC,Veteran
766399,Chad,Munn,3366884597,Chadmunn@yahoo.com,,NC,Veteran
766251,CHARLES,JERRY,8137854426,CHUCKJERRY@YMAIL.COM,,NC,Veteran
766637,John,Begley,8287777408,jtbegs7733@gmail.com,,NC,Veteran
766303,JANET,LACADEN,8086995667,,,NC,Veteran
591623,Virginia,Harvey,7576157020,v.a.harvey@gmail.com,New Bern,NC,Veteran
766294,PERRY,BAUER,9195766130,,,NC,Veteran
575818,Elvi,Edmondon,2522700909,elviedmondson@gmail.com,Rocky Mount,NC,Veteran
766300,DAWN,PRICE,8284280202,,,NC,Veteran
841495,James,Tabron,9196258732,jamesjrtiii@yahoo.com,,NC,Veteran
767016,Buddy,Osborne,9108723501,Buddymack51@gmail.com,,NC,Veteran
767314,Wanda,Moore,9109956653,beachbaby736@gmail.com,,NC,Veteran
766286,HAYWOOD,BOONE JR,2525363268,HAYWOOD_BOONE@YAHOO.COM,,NC,Veteran
921605,Joel,Pratt,3363504455,joelpratt60@gmail.com,,NC,Veteran
574693,Daniel,Brown,6107650951,icebeingz@yahoo.com,La Grange,NC,Veteran
540939,Kenneth,Duncan,5614097552,kdunc10@yahoo.com,,NC,Veteran
804842,Wanda,Emory,9199952513,wandaemory64@yahoo.com,,NC,Veteran
766785,Gail,Ditter,3368653085,gailditter2024@gmail.com,,NC,Veteran
639139,Darcy,Carlton,9803282469,darcy.carlton1950@gmail.com,,NC,Veteran
829236,Cynthia,Blacknall,9085317464,columboblacknall@yahoo.com,,NC,Veteran
804919,Stephen,Kime,9193384220,kimestephen12@gmail.com,,NC,Veteran
804836,James,Hoffman,3366087315,Usecautionjim45@gmail.com,,NC,Veteran
852713,DONNIE,GOBLE,7042146672,DONNIEGOBLE@GMAIL.COM,,NC,Veteran
768512,Delaine,Preston Fisher,7042102189,fisherdelaine90@gmail.com,,NC,Veteran
631112,Helen,Whitley,2038328904,hbyw7225@aol.com,,NC,Veteran
857909,Rosaura,Holowath,9042066524,rosaurah642@gmail.com,,NC,Veteran
767793,Andra,Willis,3364542430,lillie0227@yahoo.com,,NC,Veteran
767554,Ernest,Simmons,5712396118,ernestsim66@gmail.com,,NC,Veteran
767680,Jerry,Wood,2524553784,Captjerrywood7@gmail.com,,NC,Veteran
768508,Linwood,Hall,9103750369,lehall2020gt@gmail.com,,NC,Veteran
767813,Wayne,Martin,7047984447,bullfrog-slcc@yahoo.com,,NC,Veteran
921735,Thomas,Metcalf,9843770821,tomet1963@gmail.com,,NC,Veteran
767564,Francisco,Riego,9199310130,f_riego@yahoo.com,,NC,Veteran
767635,JUDITH ANNE,CARIVEAU,7148899141,jodie.cariveau@gmail.com,,NC,Veteran
767767,George,Kittrell,2525501980,helen171925@icloud.com,,NC,Veteran
829898,David,Davis,3365582548,daviddavis807ad@gmail.com,,NC,Veteran
767712,Barry,Brannan,9802624400,barryb1935@gmail.com,,NC,Veteran
768561,Chris Cj,Dowdell,2526333062,followingmytruth@msn.com,,NC,Veteran
767651,Anthony,Sturdivant,5188585318,luda4103@aol.com,,NC,Veteran
768573,Dick,England,7045195992,rmeclt@aol.com,,NC,Veteran
877487,willie,moody,2528132245,ruthmoody@embarqmail.com,,NC,Veteran
767776,Melissa,Leatherman,8283714739,melissaleatherman14@gmail.com,,NC,Veteran
769691,ARTHUR,SLAGLE,8286069848,GRANDPARTX5@AOL.COM,,NC,Veteran
611155,Gray,Linville,3364068575,glinville35@yahoo.com,,NC,Veteran
768569,Ana,Rabhi,2159396972,4nogueras2@gmail.com,,NC,Veteran
768538,Ricky,Rook,9197206466,rrook58@gmail.com,,NC,Veteran
768581,Jesse,Rawls,7047248042,jarawls99@hotmail.com,,NC,Veteran
666542,Douglas,Pearce,8434808747,rebeccandoug@yahoo.com,,NC,Veteran
769412,JOHN,GLAVAN,7193596342,JACK-TERI@COMCAST.NET,,NC,Veteran
769608,Richard,Williams,3368031115,captric4now@gmail.com,,NC,Veteran
769485,Mayra,Grimes,8509022354,mayra6391@gmail.com,,NC,Veteran
679699,Aaron,Pace,8283298075,aaronpace619@gmail.com,,NC,Veteran
768467,James T.homas,Simmons,9193333644,sdeacon01@gmail.com,,NC,Veteran
768459,Anthony,Lee,2526347125,Agl553@outlook.com,,NC,Veteran
768505,Alan,Whitehead,2522996012,louie-alan@hotmail.com,,NC,Veteran
768516,Andrew,Hall,2525145989,Andrew.hall357@yahoo.com,,NC,Veteran
769654,Donna,Knuck,9413504011,dmk9265@gmail.com,,NC,Veteran
769438,ANTONIO,MCIVER,6016992154,TONYMCIVER7@YAHOO.COM,,NC,Veteran
769669,Keith,Sydnor,8633384279,Keith_sydnor@yahoo.com,,NC,Veteran
769675,ROBERT,GREEN,9103091775,GBOBDYDE@AOL.COM,,NC,Veteran
769627,Daniel,Morey,2524557991,d.morey@mchsi.com,,NC,Veteran
679788,Nathaniel,McGowan Jr,7043202516,booniemac8@gmail.com,,NC,Veteran
574165,J.P.,Oxendine,9103663195,oxendinejp00@gmail.com,Fayetteville,NC,Veteran
769493,jose,Ortiz,2526731573,dj2ton69@gmail.com,,NC,Veteran
678521,Tom,Stiles,9197388010,rde8jr@aol.com,,NC,Veteran
769433,CRAIG,STARNES,7042306790,CRAIG.STARNES@YAHOO.COM,,NC,Veteran
921765,Terry,Herron,7043088869,turylee1953@icloud.com,,NC,Veteran
769439,BEAU,MILLER,9192431821,BEAUMILLER@MSN.COM,,NC,Veteran
769931,DAVID,WATTERS,8086400526,,,NC,Veteran
769626,John,Whaley,8033618380,johnwhaley030@gmail.com,,NC,Veteran
769629,Rayne,Pardo,9412231812,nitesky0812@gmail.com,,NC,Veteran
865061,Augustine,Mang,2522598357,9@123,,NC,Veteran
769665,William,Sinclair,5632715332,duthacs@aol.com,,NC,Veteran
770585,Edward,Crowell,7043012287,scrowell524@gmail.com,,NC,Veteran
829941,Erica B,Truesdell,2335236754,EricaBTruesdell@jourrapide.com,,NC,Veteran
769449,EDWARD JAMES,MORRIS,7064104490,,,NC,Veteran
769590,Tynise,Ward,9195227347,tynisew@gmail.com,,NC,Veteran
670029,Danny,Brewer,9105069701,dannybrewer041@gmail.com,,NC,Veteran
609960,Clark,Carter,9.19258E+11,badddtothebone@yahoo.com,,NC,Veteran
769655,Cammy,Armstrong,9193087934,babyphat6813@gmail.com,,NC,Veteran
913287,John,Harrington,2523615937,jdharrington@embarqmail.com,,NC,Veteran
770657,Charles,Martin,7045919388,crmartin@charlotte.twcbc.com,,NC,Veteran
769690,ARNOLD,HALL,9109884839,,,NC,Veteran
913065,Teddy,Cutshaw,7045792865,teddycutshaw@outlook.com,,NC,Veteran
590425,Jayne,Bowersox,+18282150147,jaynebowersox@yahoo.com,Arden,NC,Veteran
771588,Yolanda,McKinsey,3368820929,ymckinsey189@gmail.com,,NC,Veteran
771571,Jennifer,Kaufman,9109869763,jlkaufman30@yahoo.com,,NC,Veteran
771439,Rickey,Rhodes,7043017595,rhodesr29@gmail.com,,NC,Veteran
846000,Skylar,Jameson,252147369,peytonosborn07@gmail.com,,NC,Veteran
921860,Lesa,Workman Trail,3368409613,Lesababy360@yahoo.com,,NC,Veteran
771522,David,Childers,8284933187,Davchilders13@gmail.com,,NC,Veteran
771554,Angie,Snyder,3368770765,snyderaj26@gmail.com,,NC,Veteran
771559,Marion,Kazmierowicz,8478465636,marionkaz@sbcglobal.net,,NC,Veteran
655703,Howard,Hickox,2526311489,ou8won2@gmail.comKudzu,,NC,Veteran
771521,Betty,Crawford,9107345280,crawbet@hotmail.com,,NC,Veteran
772417,kathy,Smith,2523006766,kathycoommbssmith@gmail.com,,NC,Veteran
804812,Vincent,Kirnon,3363409153,vincentkirnon866@gmail.com,,NC,Veteran
771624,William,Whitehurst,9104431332,billy.whitehurst@wilmingtonnc.gov,,NC,Veteran
916341,Aiden,Riley,9106649631,pauhar1914@gmail.com,,NC,Veteran
772396,Tigger-Kimberly,Brewer,7042074649,wildcatstillincountry@myyahoo.com,,NC,Veteran
826839,Lee,Anderson,3365148500,leea14385@gmail.com,,NC,Veteran
771415,Jimmy,Mabry,3362132814,jcm1942@mail.com,,NC,Veteran
771353,John,Moody,9192228721,ranger201152@gmail.com,,NC,Veteran
771622,Herbert,"Hickey, Jr.",9196062987,hhickey001@gmail.com,,NC,Veteran
772460,James Keith,Grindle,7045763958,Jkgrindle1947@gmail.com,,NC,Veteran
589351,Albert,Giles,9192794453,faygiless55@gmail.com,,NC,Veteran
771611,Christopher,Vaughan,2527998511,christopher.vaughan1@icloud.com,,NC,Veteran
865894,Kaelee,Johnson,5408469815,skaelee@yahoo.com,,NC,Veteran
570881,Danny,Flow,70464148474,dflow@aol.com,,NC,Veteran
772778,Michael,pruitt,3362472934,Rose.sechriest@icloud.com,,NC,Veteran
834304,Michael,Artis,9709887806,michaelartis6@gmail.com,,NC,Veteran
823261,Daniel,Mcclure,9804611033,mcclure2025@yahoo.com,,NC,Veteran
772971,Raymond,Vail,8282807364,rayvail146@gmail.com,,NC,Veteran
772408,David,Norman,3364704270,dnorman27292@yahoo.com,,NC,Veteran
773442,Ricky,Jackson,9103849947,rickyljackson64@gmail.com,,NC,Veteran
773505,Vickie,Reed,9106313055,vreed729@gnail.com,,NC,Veteran
574063,David,George,2525294332,clamster1959@gmail.com,Roanoke Rapids,NC,Veteran
773038,Marvin,ballance,9198680301,marvinballance50@gmail.comailnotworkingatmomentpl,,NC,Veteran
772570,King,Bulluck,2522103773,kingbulluck@gmail.com,,NC,Veteran
625235,Frank,Vereen,7208090869,frankvereen411@gmail.com,,NC,Veteran
804858,Jacob,Knott,3368400521,jjknott82@gmail.com,,NC,Veteran
772868,RONALD,BROWN,6056604100,,,NC,Veteran
804876,Loretta,Lawrence,3367222250,loretlaw2@aol.com,,NC,Veteran
773017,kermit,layton,2253337298,kermitll@yahoo.com,,NC,Veteran
812116,Joe David,Childrey,8282759833,joechildrey@charter.net,,NC,Veteran
772995,April,Colie,9192736255,colieapril413@gmail.com,,NC,Veteran
773729,John,Monds,9195575900,jpmonds46@gmail.com,,NC,Veteran
773068,Joyce,Long,9108740534,longjoycelong@gmail.com,,NC,Veteran
773403,john,Snider,4077294033,yukonride07@gmail.com,,NC,Veteran
773579,David,Weinkauf,2694878329,wezy1953@gmail.com,,NC,Veteran
915326,Karla,Schmitt,5626500864,karlacagandahan@yahoo.com,,NC,Veteran
774634,Eileen,Strauchler,9197717363,whynikken@yahoo.com,,NC,Veteran
773470,annie,Benzing,9103548711,roastbeef47@yahoo.com,,NC,Veteran
774535,Brenda,Covington,9105014080,brendacovington636@gmail.com,,NC,Veteran
774627,Deborah,Jordan,9103223616,djordan4@hotmail.com,,NC,Veteran
774605,Lori,Brandt,2154998423,lori.brandt@icloud.com,,NC,Veteran
774297,Hal,Royster,9195998888,rhal5214@yahoo.com,,NC,Veteran
765507,Derrick,Colly,3368304619,dcolly57@icloud.com,,NC,Veteran
839211,Bryan,Moore,2526193424,bomz71@yahoo.com,,NC,Veteran
850586,James,Easterling,9107292621,jimeasterling@yahoo.com,,NC,Veteran
820106,Deshawn,Green,9105547967,ikiikiikiru@gmail.com,,NC,Veteran
835070,Julius,Acosta,9103463770,Corps13@yahoo.com,,NC,Veteran
776112,Neavil,Woodard,8287367322,neavilwoodard@yahoo.com,,NC,Veteran
776155,Cindy,Lowery,8282010833,cinkev6569@gmail.com,,NC,Veteran
774578,Tammy,Tyson,9104596538,tammycintron77@gmail.com,,NC,Veteran
727067,Robert,Pugh,3362630737,pughtony@att.net,,NC,Veteran
734844,Ron,Stallings,2563395501,ronniestallings23@gmail.com,,NC,Veteran
656629,Timo,Harvath,9105467731,optionsums@icloud.com,,NC,Veteran
776153,louella,Harris,2522664086,Louellahrrs@gmail.com,,NC,Veteran
593812,David,Utley,2526436670,jamieannsykes71@gmail.com,,NC,Veteran
775970,Tina,Whittington Ramirez,8324509982,Tinamarieramirez@yahoo.com,,NC,Veteran
776293,Trudy,Smith,8283037800,smithtrudy15@gmail.com,,NC,Veteran
775994,Nancy,Oconnor,3365202485,nancyoconnor1953@gmail.com,,NC,Veteran
822030,James,Parker,5612891901,jparker05@gmail.com,,NC,Veteran
776121,Freda,Irwin,4434134379,akintohim@gmail.com,,NC,Veteran
775969,Susan,Stammerjohan,9106705014,sassysusanna.ss@gmail.com,,NC,Veteran
776126,Ricky,Rook,9197206466,rrook58@gmail.com,,NC,Veteran
776128,Terrie,Stanberry,8283415391,stanberryterrie@gmail.com,,NC,Veteran
776101,Beth,Leyland,7046088146,BLBUBBLES777@AOL.COM,,NC,Veteran
776129,Sherry,Meadows,7044924472,moonblinded08@yahoo.com,,NC,Veteran
776131,Bee,Hall,7042220530,info@solidshe.org,,NC,Veteran
776144,Ulysses,Centaur,2025683111,centaur33LLC@gmail.com,,NC,Veteran
804913,elmer,atkins,3367867934,elmer.atkins@yahoo.com,,NC,Veteran
597330,ROBERT,SMITH,7046902076,luckynug52@yahoo.com,,NC,Veteran
819506,john,mitchell,3364163269,pastorjohnmitchell@yahoo.com,,NC,Veteran
822088,Allen,Hunter,8282384862,BigwHuntzr@yahoo.com,,NC,Veteran
775917,Mike,Harrell,9198159372,m.harrell111@gmail.com,,NC,Veteran
776137,Pam,Holt,7045645448,Curlyqpam@hotmail.com,,NC,Veteran
878640,Robert,Fitzgerald,9105380895,fitzgeraldrobert894@gmail.com,,NC,Veteran
616947,Julia,Friday Spivey,9196094401,juliafridayspivey66@gmail.com,,NC,Veteran
776063,Tim,Hamwey,8283347069,tdhamwey@gmail.com,,NC,Veteran
523340,Mike,Welch,3363169163,wwelch2@triad.com,,NC,Veteran
776142,Lois,Creech,2523412393,6148nchywy33east@gmail.com,,NC,Veteran
776158,Bruce,Gibson,3366028098,brucelgibson@yahoo.com,,NC,Veteran
612748,Cynthia,Allmon,7046995099,cynthiaallmon@gmail.com,,NC,Veteran
820989,Noe,Arreola,7044211806,nathanael.arreola@gmail.com,,NC,Veteran
650127,Bill,Black,9802660845,BBlack.NC@Gmail.com,,NC,Veteran
776122,James,Westbrook,8284049588,whyrdc12345@gmail.com,,NC,Veteran
612374,James,Muffett,9103084882,jamesmuffett02@gmail.com,,NC,Veteran
828036,Donna,George,8287367564,george.1804donna@gmail.com,,NC,Veteran
776349,Benjamn,VanEtten,9104092596,gdwtchgrny@aol.com,,NC,Veteran
595044,delline,chambers,3364140072,djcanbarb@windstream.net,,NC,Veteran
775898,Len,Schilling,9103386036,Firstcavalry@hotmail.com,,NC,Veteran
594364,Arthur,Stewart,3362150653,arthurstewart883@gmail.com,,NC,Veteran
412703,Nicole,Wilson,3365129697,nicolemariewilson25@gmail.com,Burlington,NC,Veteran
586373,cynthia,stowe,7048352432,Cynthiastowe62@gmail.com,Charlotte,NC,Veteran
854608,Christopher,Foxx,3364562689,chrisfoxx631@gmail.com,,NC,Veteran
777991,Davant,BRYANT,7047805528,kennelmaster6@gmail.com,,NC,Veteran
608915,WALTER,DERICHSWEILER,2527258400,waamder@gmail.com,,NC,Veteran
580556,john,schumacher sr,2522075146,joann6983@gmail.com,,NC,Veteran
597352,Lawrence,Spencer,9108335525,elnewton@usa.net,,NC,Veteran
879088,Raymond,Negley,8287503122,renreh42@gmail.comi,,NC,Veteran
777940,Danny,Boyette,2523733873,dannyboyettesr@gmail.com,,NC,Veteran
540237,john,scott,3364023642,taencat@bellsouth.net,,NC,Veteran
592714,Sheila,Bullock,3364324635,ciji967@gmail.com,,NC,Veteran
727492,KENNETH,ELKINS,4196310906,,,NC,Veteran
779219,Eustaquio,Toledo Jr.,9105269234,etoledojr@yahoo.com,,NC,Veteran
879437,Carmen,Rivera,245168932,riverajr.israel@yahoo.com,,NC,Veteran
574288,Steve,Prophater,9105718576,Peaceodarock@gmail.com,Mount Gilead,NC,Veteran
846030,Duane,Johnson,9193332535,duanej178@gmail.com,,NC,Veteran
912541,EDWARD,LEATH,3366841809,eddy06@msn.com,,NC,Veteran
542932,Paul,Williams,9195232146,williamspalexander0550@gmail.com,,NC,Veteran
656949,Randy,Spake,8434248845,rspake3@gmail.com,,NC,Veteran
778008,Melissa,Ritchie,7048352139,melissaritchie682@gmail.com,,NC,Veteran
574283,Paul,Bethea,7046156831,paul_bethea@yahoo.com,Charlotte,NC,Veteran
573948,Daniel,Jimenez,9843106321,d1nonlysherryb@gmail.com,Newton Grove,NC,Veteran
669885,Wayne,Southerland,9195936984,w_southerland@yahoo.com,,NC,Veteran
779207,James,Hudspeth,8282688798,rhodhissian50@gmail.com,,NC,Veteran
590315,John,Red,9103357160,hopeb9679@gmail.com,,NC,Veteran
779382,Terri,Stawski,6093348898,tstawski1@yahoo.com,,NC,Veteran
551587,Patrick,Scally,9802395151,pscally52@gmail.com,,NC,Veteran
572680,Mark,Tompkins,9103987446,mark.tompkinsnco@gmail.com,Wilmington,NC,Veteran
779334,Carlos M.,Soto,2522929678,carlossoto687@yahoo.com,,NC,Veteran
780207,Andrew,Finkler,9105841775,andrewfinkler@yahoo.com,,NC,Veteran
625672,Cindi,Apgar,9804295729,mcapgar02@gmail.com,,NC,Veteran
551247,Sam,Brighton,9199680253,szulcawazirlux@hotmail.com,,NC,Veteran
652976,Luanne,Barnett,3365047663,Mag7cowgirl@hotmail.com,,NC,Veteran
780173,Earl,Cobb,2522041665,deancobb2003@gmail.com,,NC,Veteran
412057,samuel,Williams,8287776499,kathysam26@gmail.com,Asheville,NC,Veteran
779381,Belinda,Davis,9807857137,belindadavis83@icloud.com,,NC,Veteran
779384,Lori,Starr,7203331000,boodostarr@aol.com,,NC,Veteran
635769,Neisie,Graham,9103182690,mcbridegraham83@gmail.com,,NC,Veteran
634948,Jerry,Poole,9196081107,Cdpoole@gmail.com,,NC,Veteran
779173,Barbara,Sullen,7044662516,jimtimhowell@gmail.com,,NC,Veteran
780228,Tammy,Harvey,3364695696,caleah0404@gmail.com,,NC,Veteran
780178,Mary,Pillsbury,7044498926,mary.pillsbury@outlook.com,,NC,Veteran
411530,VINCE,HELMINTOLLER,5405202888,vwh2times@yahoo.com,Winston Salem,NC,Veteran
779392,Hollie,Thompson,9108761841,thollie99@yahoo.com,,NC,Veteran
779335,Kathryn,Pullins,2528837363,kathytp59@yahoo.com,,NC,Veteran
779838,Ginger,Harrelson,9104006964,pictureperfect910@gmail.com,,NC,Veteran
780948,Douglas,Upton jr,9109347285,uptondfresh337@gmail.com,,NC,Veteran
780738,LAKEISHA,PETERSON,2523428441,BLANDLAKEISHA@YMAIL.COM,,NC,Veteran
597265,Rodney,Robinson,9802972559,biggroddtrucking@gmail.com,,NC,Veteran
780222,Matthew,Graham,7042580509,matthewgraham.mg@hotmail.com,,NC,Veteran
524379,Stanley,Chalmers,7049538909,schalmers@carolina.rr.com,,NC,Veteran
915414,richard,baughman,7042797352,rickb696@yahoo.com,,NC,Veteran
780988,katrina,chrismon,3362355131,katrinacorkill124@gmail.com,,NC,Veteran
780953,Barry,Coleman,7575153659,Barrynceil@aol.com,,NC,Veteran
781272,KENNETH,ELKINS,4196310906,,,NC,Veteran
595208,Clinnie,Malpass,9193309186,clinniemalpass@yahoo.com,,NC,Veteran
592988,Arthenus,McPherson,3366874609,amcphe6252@aol.com,,NC,Veteran
625788,Johnny,Byers,9897215870,calvin1957.jb@gmail.com,,NC,Veteran
781271,YONEKA,TRENT,9197713289,YTRENT2002@YAHOO.COM,,NC,Veteran
781824,Joseph,Oliver,9193273080,Army1311@gmail.com,,NC,Veteran
782028,willie,jackson,7042228824,fourjack@live.com,,NC,Veteran
781893,Betty,Vaughn,3366861863,bettyvaughn4343@gmail.com,,NC,Veteran
826901,Diane,Hooper,7046363880,dianedh51552@gmail.com,,NC,Veteran
812201,Florence,Buchin,7047911019,buchinfn@me.com,,NC,Veteran
781765,Yvonne,Roberts,8044794957,d41sussi@gmail.com,,NC,Veteran
690017,Sandy,Sullivan-Forman,9802427788,ohios4me@aol.com,,NC,Veteran
827125,Gary,Funk,5403956545,Funwithak7@gmail.com,,NC,Veteran
890314,JERRY,VANDERWAL,7042248128,albracecarman@gmail.com,,NC,Veteran
783903,Gail Ketchie,Ketchie,8283101717,gailopensdoors@gmail.com,,NC,Veteran
783841,Matthew,Graham,7042580509,matthewgraham.mg@hotmail.com,,NC,Veteran
596091,Ross,Hendley,7046940596,rosshendley11@gmail.com,,NC,Veteran
783916,crystal,brinson,2525253628,crystalbrisinson23@gmail.com,,NC,Veteran
783901,Shirley,Sharman,2522699599,shirlesharman@gmail.com,,NC,Veteran
722819,Sarah,Oglesby,9042943472,seoglesby44@yahoo.com,,NC,Veteran
824161,Raymond,Spencer,2145512002,raymondspencer4@gmail.com,,NC,Veteran
825658,Juanita,Bridges,9196223783,juanitabridges@aol.com,,NC,Veteran
824170,Eric,Garrett,3362579029,bluboi0553@gmail.com,,NC,Veteran
781270,CAMILLA,HUNTER,9197562813,CAMILLAHUNTER92@GMAIL.COM,,NC,Veteran
824175,Mark,Page,2526369802,jmarkpage69@gmail.com,,NC,Veteran
656867,john,brennan,9175244793,jlbrennan1717@gmail.com,,NC,Veteran
596607,Dwayne,Sturdivant,3363789292,finalcall@bellsouth.net,,NC,Veteran
646961,Enrico,Jones,252503269,enricojones124@gmail.com,,NC,Veteran
647223,Joan,Oxendine,9107361934,croytan@aol.com,,NC,Veteran
645260,Wes,Champion,9198164186,i.wesley.champion@gmail.com,,NC,Veteran
593072,Craig,Robbs,9806435419,craigrobbs95@yahoo.com,,NC,Veteran
785660,Jennifer,Chrysson,3367655324,chryssons@aol.com,,NC,Veteran
785624,Dave,Hopper,9104169923,dhopper652@gmail.com,,NC,Veteran
785654,Conya,Thorpe,9195900733,conyafaye@gmail.com,,NC,Veteran
882522,Thomas,Edwards,9193457679,Nelle8604@gmail.com,,NC,Veteran
786951,Joseph,Murray,9102842692,bmurray5047@gmail.com,,NC,Veteran
682734,Rebecca,Jones,3362508701,etlovestaz20.25@gmail.com,,NC,Veteran
787272,Randall,Hill,2529479406,ezgoing6969@gmail.com,,NC,Veteran
787274,Minnie,Sutherland,2525251716,mamapearl2@netzero.net,,NC,Veteran
787286,Bruce,Donahue,2196142330,adoptedson@twc.com,,NC,Veteran
787282,LuAnne,Reed,9107504594,lrbrat@hotmail.com,,NC,Veteran
786954,Lionel,Jones,2524558382,lionelj2325@gmail.com,,NC,Veteran
787284,Walter,White,8387355305,wew1960@hotmail.com,,NC,Veteran
812288,Sandra,Morgan,7046217147,sleepysandy1950@gmail.com,,NC,Veteran
652095,Brian,Prior,2527250847,bprior@ec.rr.com,,NC,Veteran
787125,EDWARD,DOBBERSTEIN,8283896729,REELDREAMS@BELLSOUTH.NET,,NC,Veteran
588535,DU,XIONG GANG,8283991155,denise_wolfe17@yahoo.com,Cherokee,NC,Veteran
787087,PAUL,JAMES,8048762081,,,NC,Veteran
811362,Andy,Futral,2522866888,eapfutrals71153@gmail.com,,NC,Veteran
915849,jack,Baskins,9108988680,jackbaskins8@gmail.com,,NC,Veteran
811450,Eddie,Robinson,9199068578,rosin1333@gmail.com,,NC,Veteran
643843,Weldon,Jenkins,9198165923,weldonjenkins6446@gmail.com,,NC,Veteran
597324,Timothy,Smith,8287589142,jacobtylersmith1998@gmail.com,,NC,Veteran
612969,Mary,Douglas,2524704215,mmwhaley03111961@gmail.com,,NC,Veteran
787283,Terrell,June,2525287074,terrelljune100@gmail.com,,NC,Veteran
787269,Aaron,Williams III,7046343356,adubwilliams3@gmail.com,,NC,Veteran
788577,DAVID,MCQUEEN,8287364572,,,NC,Veteran
822366,THOMAS,DRESSLER,7049004403,tdressler@gmal.com,,NC,Veteran
788571,CHARLIE,MCCULLOUGH,8282263140,,,NC,Veteran
788568,JANCE,MOODY,2525355827,,,NC,Veteran
789342,George,Gordon,8502599227,mastergdg1964@gmail.com,,NC,Veteran
595021,Garland,Brigman,3362258624,newlife.oceanisle@yahoo.com,,NC,Veteran
841537,CharlesFleenor,Fleenor,3368698600,cefleenor@gmail.com,,NC,Veteran
671522,David,Stevenson,9106227875,Davestevenson.889@gmail.com,,NC,Veteran
638611,Wayne,Underwood,3364073039,sam23dog@gmail.com,,NC,Veteran
816982,Charley,Gibson,3369773162,charley081947@gmail.com,,NC,Veteran
788576,WARREN,DUPREE,8285082657,,,NC,Veteran
789340,Elvis,Pinkney,8286411777,elvispinkney8@gmail.com,,NC,Veteran
591137,Ron,Tabor,5056292668,taborronald66@gmail.com,Pittsboro,NC,Veteran
593543,John,LeeSr,7047260925,Johnleesr467@gmail.com,,NC,Veteran
789343,Gregory,Davis,2524174665,lulajane1931@gmail.com,,NC,Veteran
658629,Robert,Forney,8284038279,rforney6061@gmail.com,,NC,Veteran
788578,CANDY,BYNUM,7574054311,CBYNUM_2000@YAHOO.COM,,NC,Veteran
648118,ArthurL,Daye,3366399311,arthurljrdaye@gmail.com,,NC,Veteran
411210,Sophia,Highsmith,9103913870,phartech01@yahoo.com,Fayetteville,NC,Veteran
595903,Peter,Zeman,2526708509,trailhiker3@yahoo.com,,NC,Veteran
824240,Dwight,Johnson,7048809745,Djascend2@gmail.com,,NC,Veteran
820904,George,Biggerstaff,7044188374,gbiggerstaff27@gmail.com,,NC,Veteran
789329,James T.homas,Simmons,9193333644,sdeacon01@gmail.com,,NC,Veteran
665759,Mary,Edinger,2527738044,jimedinger082@gmail.com,,NC,Veteran
913374,William,Chairs,6157889381,wilchair@aol.com,,NC,Veteran
727490,CAMILLA,HUNTER,9197562813,CAMILLAHUNTER92@GMAIL.COM,,NC,Veteran
830011,Bruce,Dawson,8324458724,dawson.bruce29@gmail.com,,NC,Veteran
595915,Richard,Anderson,9196610210,carolinabackyard@gmail.com,,NC,Veteran
595674,Darrell,Manigault,8439253789,darrellmanigault09@gmail.com,,NC,Veteran
692312,Abe,McCoy,9192700814,almcc@aol.com,,NC,Veteran
596833,Elaine,Disosway,3362121875,ddbostons@yahoo.com,,NC,Veteran
892377,Ernest,ANDERSON,8643918410,butchanderson4482@yahoo.com,,NC,Veteran
870340,Peter,Krasnici,5869800563,hamboci@gmail.com,,NC,Veteran
595139,Alan,Hall,3362596672,hallalan070@gmail.com,,NC,Veteran
533193,Carl taven,Welch Sr,9196729357,carlwelch1951@gmail.com,,NC,Veteran
555239,Charles,Rogers Jr.,9193390431,rawhide1700@gmail.com,,NC,Veteran
663773,Linda,Monroe,9105847404,Monroelinda732@aol.com,,NC,Veteran
819421,Carl,Manning,2525085334,carlmanning98@gmail.com,,NC,Veteran
658852,Eligio,Marcoviche,9108499846,marcvichee@yahoo.com,,NC,Veteran
865291,Brenda,Flores,8282057208,bkflores7@gmail.com,,NC,Veteran
642998,Donna,Glisson,9104659903,dstott2@yahoo.com,,NC,Veteran
773724,Kevin,Hoffman,8283833604,hoffmankevin2015@gmail.com,,NC,Veteran
640540,Lloyd,Pope,2527266879,bgpope@twc.com,,NC,Veteran
915856,Perez,Luis,7869187378,lucho.galan@hotmail.com,,NC,Veteran
825823,Ted,Frederiksen,5106912768,tedfrederiksen@gmail.com,,NC,Veteran
917010,Alex,Brinson,3366219886,alexbrinson79@gmail.com,,NC,Veteran
885236,keith,long,7578035248,aphoneman2@hotmail.com,,NC,Veteran
795171,Wadell,Goodman,9103020192,wadellgoodman@yahoo.com,,NC,Veteran
824217,Darlene,Gailyard,3367637169,darlenebroadhurst518@gmail.com,,NC,Veteran
795330,Antonette,Cunningham,8287749810,cunninghamantonette@yahoo.com,,NC,Veteran
795314,Robert,Forney,8284038279,rforney6061@gmail.com,,NC,Veteran
823942,Humberto,Resendiz,8284068046,senorflaca10@gmail.com,,NC,Veteran
843575,Ronald,MCD onald,8433714182,mcdonaldr2025@gmail.com,,NC,Veteran
796283,Polly,Rosenberg,8472264955,pollyann72@gmail.com,,NC,Veteran
796364,Twonana,Campbell,9193944671,twonanaron@gmail.com,,NC,Veteran
820547,Silverina,Santiago,7045690360,santiagosilverina@gmail.com,,NC,Veteran
796253,Sharon,Reynolds,2522699240,tbrown5404@gmail.com,,NC,Veteran
796250,Robert,Rospendowski,9195864592,Nanticoke73@gmail.com,,NC,Veteran
796363,Gene,Ruyle,7705451962,generuyle@gmail.com,,NC,Veteran
796258,MARIO,PULEO,3369494641,harleyfxd97@aol.com,,NC,Veteran
796280,Samuel,Hamlet Jr,3363245321,samuel.hamlet@yahoo.com,,NC,Veteran
796264,Fernando,Arrufat,9103917181,farrufat@aol.com,,NC,Veteran
796073,Lorenzo,Odoms,7049749244,lorenzoodoms4@gmail.com,,NC,Veteran
796265,Herman,Lewis,2522991738,hermanlewis525@gmail.com,,NC,Veteran
797154,Ronald,Kerns,8287773840,ronkkerns@gmail.com,,NC,Veteran
797213,Tommie,Tucker,8282304570,tommietucker67@gmail.com,,NC,Veteran
814119,Jonathan,Bobbitt,2525674371,jbobbitt7883@yahoo.com,,NC,Veteran
650062,Robert,McGraw,9195184186,rmcgraw56@gmail.com,,NC,Veteran
796241,Carolee,Noren,7723328868,norencarol1@gmail.com,,NC,Veteran
796326,Jerry,Hicks,9103540578,jdasmoove@gmail.com,,NC,Veteran
797144,Richard G.,Jackson,9195009997,rgjackson70@gmail.com,,NC,Veteran
797265,Mary,Miller,2106013654,Mbsquare80@hotmail.com,,NC,Veteran
826331,donald,atchison,+13035964266,dickegrohar@outlook.com,Denver,NC,Veteran
797185,Rodney,Divers,5405196033,divers.rodney.rd@gmail.com,,NC,Veteran
797295,Ricky,Gray,9109879363,ricky9594@yahoo.com,,NC,Veteran
797149,Ron,Boose,3368651670,ddboose1959@gmail.com,,NC,Veteran
797318,John,Brock,9104906766,brocklee160@gmail.com,,NC,Veteran
797263,Donna,Davison,9197799911,davisondonna9911@gmail.com,,NC,Veteran
797331,Marilyn,Cox,8286915139,marilynedneycox1956@gmail.com,,NC,Veteran
887087,Michael,Pendergraft,3363392788,mrp_mlp@bellsouth.net,,NC,Veteran
847039,Joseph,Brosky,9103674405,josephbrosky3@gmail.com,,NC,Veteran
693242,Phil,Chatman,7577243334,philchatman@gmail.com,,NC,Veteran
596327,CLYDE   ERVIN,SMITH,2522136873,CLYDEE2242@GMAIL.COM,,NC,Veteran
596021,Dennis,Eason,9196693795,deason013@gmail.com,,NC,Veteran
676303,Happer,Cuffingd,5518512845,stesdgf@gmail.com,,NC,Veteran
809608,Matthew,Hunt,910280224,mhunt2149@gmail.com,,NC,Veteran
808401,Bill,Duke,2525320434,billytravels@gmail.com,,NC,Veteran
809603,eric,smith,7609532263,smitericsmith@aol.com,,NC,Veteran
808483,Charles,Bradner,9103939130,crbradner@aol.com,,NC,Veteran
826520,Larry,Nelson,7575104327,larryofki@msn.com,,NC,Veteran
808402,Maurice,Sneed,3479579494,giadinakem15@gmail.com,,NC,Veteran
411867,Kevin,Walvatne,9194548662,kwalvatne@aol.com,Angier,NC,Veteran
675754,Walter,Garrison,7047265011,yr692@yahoo.com,,NC,Veteran
592775,Randy,Dunbar,2524100050,c.wilson.glenn@gmail.com,,NC,Veteran
673992,Ricardo,Hernandez,7049549189,rcruz949905@gmail.com,,NC,Veteran
677476,Edward,Abernathy,8283587409,w99268388@gmail.com,,NC,Veteran
808085,James,Bennett,7042235847,wes28002@gmail.com,,NC,Veteran
808373,Reinerio,Razuri,6314665346,Richardrazuri@aol.com,,NC,Veteran
808363,Bob,Baldwin,9104674937,Bobmarine1960@gmail.com,,NC,Veteran
808378,Barry,Brooks,9104894507,bbrooks13@nc.rr.com,,NC,Veteran
808389,Tom,Sellers,7049369249,watertight4@icloud.com,,NC,Veteran
808084,Donald,Frick,2259360022,frickdr@gmail.com,,NC,Veteran
808375,Tammy,Stanley,9804749541,tammykstanley12@gmail.com,,NC,Veteran
808394,Scott,Wilson,9197205502,pumba1960@live.com,,NC,Veteran
808405,Johnnie,Richardson Jr.,7044080319,jrichardson82@bellsouth.net,,NC,Veteran
679226,Robert,Roybal,9106902594,Jman1188@myyahoo.com,,NC,Veteran
411900,Terrance,VOELKEL,9105854189,SIGKADET1@GMAIL.COM,Raeford,NC,Veteran
809777,PATRICK,KELLY,9103548990,patrickjk47@aol.com,,NC,Veteran
809624,JUDY,ADKINS,8282640879,judylaneadkins@aol.com,,NC,Veteran
593136,Roy,Summers,3363172044,roysummers10@gmail.com,,NC,Veteran
592977,Matthew,Marino,9193308246,Mattmarino36@yahoo.com,,NC,Veteran
809617,Johnny,Bell,9198535061,johnnybell2015@gmail.com,,NC,Veteran
809778,Judy,Poole,9199041139,poolejudy1958@gmail.com,,NC,Veteran
809610,William,Blanks,9106559636,pblanks@bellsouth.net,,NC,Veteran
596597,James,Silver,8282082702,silverjames719@gmail.com,,NC,Veteran
809618,Aaron,Cunningham,9804256192,aaroncunningham@icloud.com,,NC,Veteran
826591,Rich,Salyards,3368806262,Mrwhipple5@aol.com,,NC,Veteran
658166,James,Willis,8282843633,heavenboundgroup@live.com,,NC,Veteran
809602,Robert,Koger,3365824735,rksgt1@aol.com,,NC,Veteran
809598,Joyce,Houston,2522663871,whoubty2@gmail.com,,NC,Veteran
913749,Hilary,Olson,7048814456,ladypilothco@icloud.com,,NC,Veteran
913751,Timothy,Kriss,8433378109,otim1642@gmail.com,,NC,Veteran
597417,Richard,Tysinge,3368436855,vontysinget@outlook.com,,NC,Veteran
829720,Bobby,Powell,9102345340,b_powell76@yahoo.com,,NC,Veteran
751703,Alphine,Jones,9197368638,alphine_j50@yahoo.com,,NC,Veteran
651956,William,Wilson,9194641763,williamwilsonww55@yahoo.com,,NC,Veteran
663746,Billie,Lowe,3366738259,billielowe@yahoo.com,,NC,Veteran
592782,Usama,Elkazaz,9194575789,elkazaz@gmail.com,,NC,Veteran
665933,Steven,Hare,3369270727,lastcast101@gmail.com,,NC,Veteran
861937,Leigh,Franklin,9196312893,leighafranklin@gmail.com,,NC,Veteran
592510,Wesley,Nagel,7046140338,wesnagel@gmail.com,,NC,Veteran
748431,Danielle,McCoyTillery,4344267446,Bigmamalioness@gmail.com,,NC,Veteran
809613,Donald,Royal,9196483429,Donaldroyal345@outlook.com,,NC,Veteran
810408,Jesse,Barnes,9106387533,Asher.k.barnes@gmail.com,,NC,Veteran
832473,Thomas,Smith,615574304,ts0266211@gmail.com,,NC,Veteran
827687,Tim,Bolick,7047850923,timbolick@hotmail.com,,NC,Veteran
821496,Jaaon,Riddle,8287476054,supermanjr88.jr@gmail.com,,NC,Veteran
800334,Chantilla,Pichon,8034664397,chantillapichon@gmail.com,,NC,Veteran
821894,Rufus,White,3366245928,whiterufus37@gmail.com,,NC,Veteran
824957,Edith,Hutton,3366489270,edithfayhutton@gmail.com,,NC,Veteran
773719,brian,fluharly,7046634628,bpfluharly@hotmail.com,,NC,Veteran
829921,Michael,Williams,2523396290,woodsmith40@yahoo.com,,NC,Veteran
830478,Joann,Edwards,2522551148,edwardsjoann800@gmail.com,,NC,Veteran
773718,Eric,Smallwood,2525311751,eric_smallwood2000@yahoo.com,,NC,Veteran
524587,Kevin,Edwards,9108905896,ithoughtso0303@gmail.com,,NC,Veteran
773700,Linda,Ferrer,9103820713,mylaptop500@gmail.com,,NC,Veteran
827642,Kevin,OBannion,5404318970,kevo3434@gmail.com,,NC,Veteran
596683,Cathy,Bean,2523159684,cathybean124@gmail.com,,NC,Veteran
842710,Jake,Paul,6439241,Mynameiscalowm@2693,,NC,Veteran
592426,Bryant,Headen,3369449058,Bryantheaden4@gmail.com,,NC,Veteran
411044,Jack,Baker,7046507574,jackbaker607@gmail.com,Salisbury,NC,Veteran
813502,Curtis,Mack,7044582566,mackcurtis642@gmail.com,,NC,Veteran
593110,B.J.,Smertneck,2107818288,bjsmertneck9@gmail.com,,NC,Veteran
665704,Robert Taylor,Martin,8285762197,roberttaylormartin2024@gmail.com,,NC,Veteran
912696,Jerome,Weaver,7044510257,handlebar.weaver@gmail.com,,NC,Veteran
911524,Ricky,Reaves,3366020788,nopecant@gmail.com,,NC,Veteran
855480,Louis,Vega,9542968321,louisvega1@bellsouth.net,,NC,Veteran
842415,Ronnie,Robinson,9194759628,ronnie.g.robinson@gmail.com,,NC,Veteran
594646,jimmie,Adams,2523312636,jbonzia1@embarqmail.com,,NC,Veteran
810543,Alexander W.,Summers,8286768964,paddlewnc@hotmail.com,,NC,Veteran
903308,Don,Whittington,3868018761,donwhittington@ymail.com,,NC,Veteran
822692,Gerald,Thacker,8282382457,thack307@gmail.com,,NC,Veteran
596361,Carl,Utley,2523607952,utleycarl@gmail.com,,NC,Veteran
596169,Daniel,Lowery,7047472533,loweryd1@yahoo.com,,NC,Veteran
595327,Robert,Studmyre,2523508392,robertstudmyre60@gmail.com,,NC,Veteran
812085,randolph,crews  (CLC),2522040242,randolphcrewssr@gmail.com,,NC,Veteran
848670,Laura,BooneSherrill,8033220929,1995lvbs@gmail.com,,NC,Veteran
892716,Alex,Peters,9107978694,gl1800nc64@gmail.com,,NC,Veteran
849013,John,Deal,7042025643,johndeal20@gmail.com,,NC,Veteran
593815,Desirae,Vaughn,2526242504,desiraev90@gmail.com,,NC,Veteran
592921,Harold,Ketchie,7042678708,mketchie@gmail.com,,NC,Veteran
824869,Billy,Jenkins,7049410713,jenkinsbill1954@yahoo.com,,NC,Veteran
831329,Diane,Thomas,8283016982,deethom846@yahoo.com,,NC,Veteran
823445,Bridget,Davis,7042533651,sheisbre@gmail.com,,NC,Veteran
811073,Pamela,Hoydu,9109983545,2samcan@gmail.com,,NC,Veteran
811041,Michele,Anonymouse,9809252574,kosmosstar@gmail.com,,NC,Veteran
824897,james,turner,2527250430,jimturner@ec.rr.com,,NC,Veteran
811148,Kevin,C,8455551212,Kevinc363@yahoo.com,,NC,Veteran
892714,Stanley,Hodges,9102142308,stantre58@gmail.com,,NC,Veteran
596216,Alan,Morris,7045026966,kenmorrissp@charter.net,,NC,Veteran
674700,Larry,Miloscio Sr.,6316247366,lwmilo68@gmail.com,,NC,Veteran
812217,Jayson,Baker,7042241982,thegoonies4ever84@gmail.com,,NC,Veteran
828235,David,Miller,9196392175,davemiller7@charter.net,,NC,Veteran
593575,Robert,Martins,9193444552,susanmellinger@gmail.com,,NC,Veteran
811146,Natalya,Braswell,704244066,natalyabraswell1142009@gmail.com,,NC,Veteran
832553,Major Mitchell,Mitchell,2523651144,tifflove0290@gmail.com,,NC,Veteran
592747,maurice,cooper,3363943544,busterco21@gmail.com,,NC,Veteran
592836,Eddie,gray,7045021699,ecgray51@gmail.com,,NC,Veteran
593928,Mack,Christenberry,7046519568,mojowongilicious@aol.com,,NC,Veteran
530793,Ronnie,stubbs,9103316329,rstubbs44@yahoo.com,,NC,Veteran
671163,Douglas,Bell,3016536968,DOUGLASJBELL5659@ME.COM,,NC,Veteran
593884,Raymond,Arrington,9073061408,vickrayarri@outlook.com,,NC,Veteran
687281,Marie,Currie,3365247463,mariecurrie@ymail.com,,NC,Veteran
829668,Kent,Rector,7046622147,rectorwk@gmail.com,,NC,Veteran
594569,Michael,Nestor,4128627453,thriveinchange@gmail.com,,NC,Veteran
833825,Charles,Eldreth,3368773025,celdreth1@yahoo.com,,NC,Veteran
833189,RICHARD,JACKSON,3365776854,hawkroadfarm@yahoo.com,,NC,Veteran
833276,Robert,Lucas III,9102298036,e7lucas@yahoo.com,,NC,Veteran
593426,Dale,Glode,3364599041,dglode@att.net,,NC,Veteran
815974,Anna,Schaefer,8283404574,iloveumore3575@gmail.com,,NC,Veteran
595797,BillSantilli,Santilli,3365882800,rosesantilli88@gmail.com,,NC,Veteran
594222,Sherreka,Cromartie,9104090460,sherrekacromartie@yahoo.com,,NC,Veteran
592525,Melinda,Phillips,7573033396,Melindaphillips36@outlook.com,,NC,Veteran
813563,Patsy,Phillips,8283010200,pleep7276@icloud.com,,NC,Veteran
811956,Kaffie,King,9105687845,kaffieking@aol.com,,NC,Veteran
660463,Derek,Colly,3368304619,dcolly57@icloud.com,,NC,Veteran
812131,Joy Marie,Grady-Hilton,7576360309,joyhiltonqa@aol.com,,NC,Veteran
832763,Kristian,Farthing,7049682794,Krisian@gmail.com,,NC,Veteran
616481,Alton,McCain,9802933984,alton.mccain@gmail.com,,NC,Veteran
594599,Gloria,Schwartz,2527565328,schwartzg@ecu.edu,,NC,Veteran
827058,jim,Hood,7164359665,Hoodjandp@gmail.com,,NC,Veteran
811455,Author Anissa,Bass,7048984741,anissabass1@outlook.com,,NC,Veteran
692287,James,Rose,7577733782,dave_rose_jr@hotmail.com,,NC,Veteran
830164,Zackery,Scott,9109736175,zackeryscott01@gmail.com,,NC,Veteran
843228,Sarah,Erler,7173775439,bacerler7@gmail.com,,NC,Veteran
831033,Rick,Nelsen,9104088270,ricknelsen@outlook.com,,NC,Veteran
913942,James,Moskal,9193480586,moskalj7@gmail.com,,NC,Veteran
594853,JoVonne,Mason,9105744726,jovonnemason@gmail.com,,NC,Veteran
593138,Allen,Taylor,9842481532,tbajr@aol.com,,NC,Veteran
692127,Marilyn,Rice,3364931231,Joycometh777@icloud.com,,NC,Veteran
751690,Selena,Alston,9195488503,Alstonabby@icloud.com,,NC,Veteran
751679,Kirby,Jones,7432362028,kirbyjones6565@gmail.com,,NC,Veteran
751699,William,Phillips,9194400579,ethel2638@gmail.com,,NC,Veteran
751668,Teresa,Bruns,9109169595,teresabruns1@aol.com,,NC,Veteran
751672,Kennith,Holeman,9842448184,usafvet141@yahoo.com,,NC,Veteran
616241,justin,horne,8436182379,d.justin.horne@gmail.com,,NC,Veteran
619428,Myke,Ferguson,3365235524,blueknight2004420@gmail.com,,NC,Veteran
596005,Paul,Dickens,3364234730,pauldickens93@gmail.com,,NC,Veteran
594265,ROGER,HOOTS,3367213040,MEOW012550@GMAIL.COM,,NC,Veteran
812448,William,Earlywine,9197323568,billearlywine@spectrum.net,,NC,Veteran
528127,James,Spielman,07045754031,spielmanjames66@gmail.com,,NC,Veteran
811975,Lonnelle,Maryland,3369872498,marylandlonnelle@yahoo.com,,NC,Veteran
682638,Ray,Crane,7047857924,raycrane101@gmail.com,,NC,Veteran
894796,Kelsey,Chavis,9107234147,kelseychavis1989@gmail.com,,NC,Veteran
812568,Ralph,Keen,2527731819,ralphekeen@yahoo.com,,NC,Veteran
809776,richard,cordano,3364621720,ricordan@aol.com,,NC,Veteran
812787,Doris,Neilson,3367366285,neilson59@gmail.com,,NC,Veteran
831129,Dwight,Saunders,3364732891,saundersdwight97@gmail.com,,NC,Veteran
596874,McCuen,Fox,5175251495,foxmccuen@yahoo.com,,NC,Veteran
596773,James,Clark,8287361270,james28713@aol.com,,NC,Veteran
831023,Willeak,Rackme,8436101923,ricste2649@ccsdschools.com,,NC,Veteran
849992,Chris,Misenheimer,8286411610,mrniceguy28609@gmail.com,,NC,Veteran
675540,Calvin,Riddle,3367579885,riddlebeverly6@gmail.com,,NC,Veteran
913958,Joseph,Ratyna,8604881547,ratynajoseph46@gmail.com,,NC,Veteran
913957,Suzie,Muñoz,6315244846,sumucu1108@icluod.com,,NC,Veteran
812924,John,Bell,7049411081,bellj1680@gmail.com,,NC,Veteran
831045,Omari,Spease,3366241890,acleditsoffical@gmail.com,,NC,Veteran
822916,William,Rubleii,9196418339,william.ruble.ii@gmail.com,,NC,Veteran
823085,Charlie Lee,Fromveal,9199950480,cfrom@msn.com,,NC,Veteran
593444,Jim,Hairr,9108901881,jhairr@embarqmail.com,,NC,Veteran
819492,Deanna,Goode,8287852028,goodedeanna@gmail.com,,NC,Veteran
859168,Kenneth,Murphy,2529559311,kmurphy011.km@gmail.com,,NC,Veteran
840844,Je down,Thank,2359565461,taylorasiyah71@gmail.com,,NC,Veteran
832321,David,Gillelan,7047189109,davidgillelan34@gmail.com,,NC,Veteran
596121,Marvin,Johnson Sr.,4702406480,wredskinsj@gmail.com,,NC,Veteran
829770,Juan,Alejandro,2396287776,alcommintl76@gmail.com,,NC,Veteran
595086,Billy,Durham,3363286753,durhambilly69@yahoo.com,,NC,Veteran
678453,JOHN,REDMOND III,9108801581,reddog2211@msn.com,,NC,Veteran
824228,George,Cruz,9082174019,cruzgeorge393@gmail.comyy,,NC,Veteran
842357,Nancy,,+13364146226,cummingsnancy600@yahoo.com,,NC,Veteran
592352,Larry,Chavis,9194576540,james_172@yahoo.com,,NC,Veteran
596429,David,Blakely,3365963404,Ltmccoy2@gmail.com,,NC,Veteran
834862,Donna,Mullen,2525672524,elainenurse_6@hotmail.com,,NC,Veteran
592599,Tracey,Tracey,7046349884,traceyb1127@gmail.com,,NC,Veteran
828832,Oscar,Edwards,5129177658,ojedwards1@yahoo.com,,NC,Veteran
844367,Athena,Diaz,9272827211,Athena@gmail.com,,NC,Veteran
665881,Philip,Player,8282164603,Paplayer.pp@gmail.com,,NC,Veteran
677578,Sitawi,Jahi,2524583712,babajahi17@gmail.com,,NC,Veteran
528238,Phillip,Shearer,3364913587,fliplena@outlook.com,,NC,Veteran
821735,Jack,Smith II,9105277836,jrsmith4501@gmail.com,,NC,Veteran
851906,SHERRON KAY,BAKER,3366180692,sherronbaker71@gmail.com,,NC,Veteran
859124,Daniel,Ellis,9193698760,danielellis1786@gmail.com,,NC,Veteran
656782,WALTER,BRANCH,7047790168,WALTER.BRANCH@GMAIL.COM,,NC,Veteran
825353,Linda,Knutson,9107332782,lindaknutson14@gmail.com,,NC,Veteran
844382,Anthony,Japarks,3364950104,ajaparks@yahoo.com,,NC,Veteran
853653,james,blackmon,9106517257,blkmon223@gmail.com,,NC,Veteran
665780,Wallace,Pearson,3369277648,Wpears38@gmail.com,,NC,Veteran
840778,Aliyah,C,2566363049,aliyahcaffee@gmail.com,,NC,Veteran
596377,Jacky,Watson,9107091728,jackwatmailm@aol.com,,NC,Veteran
609137,Zeno4,Pfau Jr.,9723338125,zpfaujr@hotmail.com,,NC,Veteran
662037,Debra,Bitd,2524176438,Dbird28560@gmail.com,,NC,Veteran
597277,Lewis Phillip,Ross Jr,9107067425,whoopimclaurin79@gmail.com,,NC,Veteran
596362,bert,Vanhouten,9107585499,bvh43@aol.com,,NC,Veteran
592874,DG,Horosko,9803337007,dgrosko@gmail.com,,NC,Veteran
848777,Dana,Webster,3365982525,lehr00@gmail.com,,NC,Veteran
817104,Julie,Robinson,9108476961,vanjulie1977@gmail.com,,NC,Veteran
596843,Raye,Duke,7573343610,rayed$rayeduke#uke46@gmail.com,,NC,Veteran
824293,Ossie,Jones,4783612225,ossieshelton@yahoo.com,,NC,Veteran
829855,Deborah,Austin,3362542799,daustin8r@yahoo.com,,NC,Veteran
845860,Arabella,Jonas,5733378647,becca.bond22@gmail.com,,NC,Veteran
595459,Alan,Burgess,8284121904,alanhagerburgess63@gmail.com,,NC,Veteran
660161,James,WALKER Sr,8284934926,ziggy105677@gmail.com,,NC,Veteran
828140,Christine,Paynter,8285511602,paynterchristine1@gmail.com,,NC,Veteran
587107,Larry,Holmes,+19102318381,larryholmes910@yahoo.com,Castle Hayne,NC,Veteran
841665,David,Lankford,8643443288,davidlankford@allstate.com,,NC,Veteran
685490,Bettie,Ingram,7042424252,ingrambettie146@gmail.com,,NC,Veteran
817049,Carroll,Huffman,3364069088,path2pungo@netzero.com,,NC,Veteran
666584,Larry,sparks,2526220300,patriciasparks57@gmail.com,,NC,Veteran
834664,RALPH,MARKWOOD,9199335066,chbcoinc@gmail.com,,NC,Veteran
843118,Litzynxjehdishszghs,Rioszsjvsjshdb,4348677676,yoegek7h@gmail.com,,NC,Veteran
592849,Edie,Hanks,7046058226,ediehanks@gmail.com,,NC,Veteran
844457,David,Btown,8709175507,db8933209@gmail.com,,NC,Veteran
660326,Carlton,Cornelius,3362547267,Carlton.Cornelius@Yahoo.Com,,NC,Veteran
593424,Lela,Gilliland,3363287347,duddabug56@gmail.com,,NC,Veteran
843145,LEROY,HATFIELD,7045301466,lhatfieldsr@yahoo.com,,NC,Veteran
654601,Walter,Powell,3033499332,rrservicesul@aol.com,,NC,Veteran
605075,Barbie,Bowman,7812648492,theflowerlady39@yahoo.com,,NC,Veteran
572665,Cheryl,Council-Rankin,+19108765016,cherlyrankin903@gmail.com,White Oak,NC,Veteran
582191,Addie,Saxton,+13364931278,evylibrary53@yahoo.com,Greensboro,NC,Veteran
842634,Melvin,Peyton,7042496966,mompdog@gmail.com,,NC,Veteran
592529,Wendy,Posik,3362595306,matrix.revot@gmail.com,,NC,Veteran
832555,freeman,bigelow,3368230222,bigelowfreeman135@gmail.com,,NC,Veteran
551730,Michael,Riley,9802252183,llenroc78@hotmail.com,,NC,Veteran
843433,Rita,Ladner,9109871196,unratedblue01@yahoo.com,,NC,Veteran
846524,Wanda,Kirkland,3364374316,wandaokirkkand@yahoo.com,,NC,Veteran
593939,Freddie,Couch,3368166460,pcouch47@yahoo.com,,NC,Veteran
534056,Charles,Toler,2526172190,cat492011@yahoo.com,,NC,Veteran
604519,Marcus,Bynum,7048910370,marcusbynum10@gmail.com,,NC,Veteran
841215,Scott,Parker,9103993290,scottdparker3@gmail.com,,NC,Veteran
825883,Dorothy,Lane,9802546115,djlane2@aol.com,Huntersville,NC,Veteran
596291,JOSE ANTONIO,SANCHEZ JR,7065938435,joseantoniosanchezjr@gmail.com,,NC,Veteran
848109,Jeff,Hodges,7047971578,docholladay@gmail.com,,NC,Veteran
593074,Felicia,Robinson,3362104808,felipiann@yahoo.com,,NC,Veteran
835078,William,Kearney,3369050259,wbkearney@aol.com,,NC,Veteran
594894,Francine Gail,Owen,3367361027,ofrancine851@gmail.com,,NC,Veteran
597070,Satrina,Lockhart,7035980131,truuvirgo@gmail.com,,NC,Veteran
819985,Bruce,Simmons,8043016447,strategicb52@live.com,,NC,Veteran
913436,Tony,Rochester,8285017255,slingbladetr41@gmail.com,,NC,Veteran
813513,James Adams,Adams,7042319392,jadams.44@icloud.com,,NC,Veteran
665724,Cheyenne,Howard,7038688872,hapydncer69@gmail.com,,NC,Veteran
529478,Gerald,Mckee,5139521413,geraltmckrergeralfmckee@hmail.com,,NC,Veteran
525896,roger,black,7046164006,rcblackusa@att.net,,NC,Veteran
549235,Raymond,Lake,8284247728,raymondklake@gmail.com,,NC,Veteran
664416,Hazel,Irby,7044674071,beachbunny147@gmail.com,,NC,Veteran
529571,Brianna,Mendez,8287747440,mbrianna8887@gmail.com,,NC,Veteran
853497,charles,,+19198925471,annewill52@yahoo.com,Bullock,NC,Veteran
834989,Glen,Young,9102570526,gpsphotoandvideo@icloud.com,,NC,Veteran
776104,Atthur,Stewart,3362150653,arthurstewart882@gmail.com,,NC,Veteran
577439,Thomas,Wiggs,+19199153968,tgwiggs58@yahoo.com,Smithfield,NC,Veteran
613405,WILLIAM,WEEKS,9109905899,wcweeks@intrstar.net,,NC,Veteran
593243,Gary,Baker,2525035475,gbaker5312@icloud.com,,NC,Veteran
832819,SAM,Parker,9103090550,parker5362@gmail.com,,NC,Veteran
596968,Gerald,Hinson,7048048848,geraldhinson@ymail.com,,NC,Veteran
661951,Gerald,Sims,7046708416,gsims14111@sbcglobal.net,,NC,Veteran
827774,Jerry,Hyatt,8285168719,Hyattwe58@aol.com,,NC,Veteran
824196,Joseph,Wiggins,7046490179,thewigginsnc@gmail.com,,NC,Veteran
824136,ray,carter,9196333882,streetstock4snrp@yahoo.com,,NC,Veteran
862612,Jennifer,Morgan,6063128657,MGSMAMA41@GMAIL.COM,,NC,Veteran
844312,Greg,Snipes,9198241835,greg.snipes2003@gmail.com,,NC,Veteran
843893,Wayne,Bowser,2523646463,waynebowser12@gmail.com,,NC,Veteran
596227,Tom,Obrien,9195867124,tomandpeggy1992@gmail.com,,NC,Veteran
596557,Glenn,Oxendine,9102259476,oxendineglenn20@gmail.com,,NC,Veteran
824750,Angela,Smith,9195271788,lisa78174@gmail.com,,NC,Veteran
847141,James,Bennett,9802542632,gisellepickett@outlook.com,,NC,Veteran
593535,Daniel J.,Koffler,8312072646,koffler.d@yahoo.com,,NC,Veteran
689225,Jewel,Register,9107701895,Jewelregister543@gmail.com,,NC,Veteran
595351,John B,Tyree,9109887433,tbjohn0117@aol.com,,NC,Veteran
847639,Willard,Hinkle,3365967429,wh1hinkle@aol.com,,NC,Veteran
823527,Bobby,Hollis,2529408539,bholli5@icloud.com,,NC,Veteran
849463,Roberta,Lane,9194512155,kunquoda@yahoo.com,,NC,Veteran
613762,Jerry,Sutton,7045162736,gritsgirl@icloud.com,,NC,Veteran
813202,Leda,Brophy,2522958893,brophyle@students.pittschools.org,,NC,Veteran
825695,Warner,Mayden,3368705922,warnermayden@yahoo.com,,NC,Veteran
595242,Ted,Newton,9049946417,radicalpartsman@gmail.com,,NC,Veteran
671798,Vincent,Rodgers,2525317589,vrodgers562@gmail.com,,NC,Veteran
812128,JAMES,INMAN,2522882177,inman.sonny@gmail.com,,NC,Veteran
841118,James,McGhee,9103095535,macj40@gmail.com,,NC,Veteran
594850,John,Martin,2522298194,j.jmartin1948@yahoo.com,,NC,Veteran
668624,Alexander B,Lincoln,9178560432,alexanderlincoln@msn.com,,NC,Veteran
857092,Michael Call,Mcclain,3605230745,blueeyes09041944@gmail.com,,NC,Veteran
832625,Tyrone,Bailey,9197297071,baileytyrone31@gmail.com,,NC,Veteran
628099,Ronald,Staples,9107916105,keithhome65@hotmail.com,,NC,Veteran
842382,Danny,McCurry,7042222576,dmccurry729@gmail.com,,NC,Veteran
850189,Johnny,McRae,3362808983,macdogg219@gmail.com,,NC,Veteran
619565,Sandra,lawson,8284248086,sandylawson1960@gmail.com,,NC,Veteran
857653,Loyd,Poole,9195995688,roypthomas99@yahoo.com,,NC,Veteran
529741,josh,brown,3308120994,joshisbrown3@gmail.com,,NC,Veteran
526154,Kimber,Andrews,9108640449,andrewskimber53@gmail.com,,NC,Veteran
532777,Karen,Thornton,9104647833,kerthornton@gmail.com,,NC,Veteran
833674,Herbert,Harris,3362591389,cisco1541@yahoo.com,,NC,Veteran
842999,M Denise,Hooker,7049358245,maryhooker90@gmail.com,,NC,Veteran
845645,Susan,Retherford,7046079568,saretherford59@gmail.com,,NC,Veteran
856385,Leroy,,+17046547046,goskins2008@yahoo.com,,NC,Veteran
833019,Michael,Cheney,2523500578,zoronsat@gmail.com,,NC,Veteran
857385,Ralph,Chestnut Jr,9198029982,ralph158@msn.com,,NC,Veteran
829883,Robert   G,Abram,4125032236,robgabram61.rga@gmail.com,,NC,Veteran
842134,Aashad,Stewart,9195793884,stewartaashad16@gmail.com,,NC,Veteran
831078,Sean,Combs,911,pdiddy@gmail.com,,NC,Veteran
574464,Reginald,Williams,+13368334858,williamsreginald84@icloud.com,Winston Salem,NC,Veteran
832785,Rodney,Hose,2409255001,deanhose@yahoo.com,,NC,Veteran
821332,David,Rimer,9803701495,Davidrimer1@gmail.com,,NC,Veteran
823920,Christi,Deon,7042409878,christimarie1992@gmail.com,,NC,Veteran
838608,Kelly,Cummings,9193207591,kellycummings77@gmail.com,,NC,Veteran
823921,Amber,Wade,9196198645,amberjwade@gmail.com,,NC,Veteran
824865,Justin,Moss,7047910591,jmossy73@gmail.com,,NC,Veteran
827986,Douglas,Lucas,9193898349,dlucas1955@outlook.com,,NC,Veteran
828156,Cleveland,Kelly,7045071904,clevelandkelly40@gmail.com,,NC,Veteran
829800,Betty,Towler,3365755294,gentletiger60@aol.com,,NC,Veteran
838090,Ronald,Capps,2526210517,iamaharleyman2559@gmail.com,,NC,Veteran
842434,Denise,Gore,9109868090,mrsdenisegore@gmail.com,,NC,Veteran
824253,Christa,Jones,9102340581,christajones@gmail.com,,NC,Veteran
534297,CHRIS,CARRINGTON,2193840828,KENSYKLOYKO7VV9HM@OUTLOOK.COM,,NC,Veteran
864814,Brenda,McNair,9106409453,mcnairbear2957@gmail.com,,NC,Veteran
852730,MsDeborah,,+13364916598,whitsettdeborah58@gmail.com,,NC,Veteran
835233,James,Sink,3369068175,jms_sink@yahoo.com,,NC,Veteran
834230,Mike,Young,8057573311,Meyoung01@gmail.com,,NC,Veteran
836071,Mark,,+18284436263,mark.fruend@hotmail.com,MORGANTON,NC,Veteran
830203,Brigitte,Wilburn,9102243401,bwilburn59@gmail.com,,NC,Veteran
829326,Ronnie,Minchey,3368255090,mincheyron@gmail.com,,NC,Veteran
816560,William,Whitley,9102061032,whitleywill1956@gmail.com,,NC,Veteran
616044,Johnnie M,Collins,4788223726,johnniemcollins@icloud.com,,NC,Veteran
830530,Raymond,Jackson,2526236704,raymondhjackson0@gmail.com,,NC,Veteran
820832,Marie,Lanier,3365586910,lighthousehealingspa@gmail.com,,NC,Veteran
605169,Eugene,Toler,2526262529,gentol28@hotmail.com,,NC,Veteran
526480,Sabrina,Michael,3362681576,breerau.635@gmail.com,,NC,Veteran
827955,Tony,Fields,2522920417,masterdeal01@gmail.com,,NC,Veteran
846234,Crystal,Cupp,6039570406,time2drem@aol.com,,NC,Veteran
631307,Bomani,Simelani,9802950741,simelani@aol.com,,NC,Veteran
673777,Barry,Berryhill,2528144050,Revbkberryhill@aol.com,,NC,Veteran
831555,Frances,Worrall,8285834938,francesworrall@gmail.com,,NC,Veteran
539718,Phil,Swaney,9194222602,paswaney@gmail.com,,NC,Veteran
850148,Kenneth,Myers,7046824829,Kennethmyers58@gmail.com,,NC,Veteran
850282,Ron,Baker,2409253720,addbaker13@gmail.com,,NC,Veteran
855188,MARTHS,LIPSIUS,9102312864,RLIPSIUS@EC.RR.COM,,NC,Veteran
594515,Almondo,Joyner,252370000,almondojoyner@gmail.com,,NC,Veteran
619317,trilisa,trilisa,9734548169,trilisar@hotmail.com,,NC,Veteran
526545,Ann Mariei,Sciortino,5163136295,sciortinoam@yahoo.com,,NC,Veteran
830036,Ron,Lee,4104597711,rsteeler2@gmail.com,,NC,Veteran
526721,Josefina,Lore,9842001382,josefina325@gmail.com,,NC,Veteran
838696,Fred,Wearrien,9105002289,fwearrien2@gmail.com,,NC,Veteran
538228,Melton,West,7049061576,melton.west@yahoo.com,,NC,Veteran
620333,Perry,Connally,3363916750,connallysrperry6@gmail.com,,NC,Veteran
850149,Jerseybert,Hill,2525099345,albertwchill@gmail.com,,NC,Veteran
544721,Moneissa,Newman,7047808367,moneynews21@gmail.com,,NC,Veteran
608773,clarence,williamson,8285930272,davewilliamson52@yahoo.com,,NC,Veteran
527012,Raymond,Riddle,8284751117,rayriddle@bellsouth.net,,NC,Veteran
534527,marie,Gibbs,7574931886,gibbsmarie36@gmail.com,,NC,Veteran
621278,Shirley,Scott -Boone,2524063833,deniseboone1966@gmail.com,,NC,Veteran
826567,Samuel  K,Battle,2523821357,samuelkbattle53@hotmail.com,,NC,Veteran
608748,James,Mcphaul,9107601057,jamesmcphaul2@gmail.com,,NC,Veteran
830513,Bill,Cooper,3368675309,Hooligan0144@gmail.comH,,NC,Veteran
836893,Gary,Lail,8282916564,garylail51@yahoo.com,,NC,Veteran
538085,Johnny,Collins,3363885339,tylia@mebtel.net,,NC,Veteran
620683,Alfonso,Tolliver Jr,2524125993,elalaalfonso1@gmail.com,,NC,Veteran
694484,Sherwood,Boatwright,2526786802,sherwoodboatwright060@gmail.com,,NC,Veteran
845741,Hope,Wood,2523828810,hopeannewood@gmail.com,,NC,Veteran
813535,William,Fiddmont,3367711110,Gza3bteam@yahoo.com,,NC,Veteran
620038,frank,miltner,9105389674,joejust9948@gmail.com,,NC,Veteran
862403,Brian,Evans,9107079412,shadiquebe@gmail.com,,NC,Veteran
830495,William,simony,6096619054,cbsmystic@aol.com,,NC,Veteran
832591,Angela,McDonald,3368946628,greeneyedcat1231@Yahoo.com,,NC,Veteran
833611,Robert,Worley,9196673370,rworley1.com@gmail.com,,NC,Veteran
534672,Tommy,Fowler,3364948334,tfowlerxx48@gmail.com,,NC,Veteran
827123,Jan,Huneycutt,9805252411,jansplawn55@gmail.com,,NC,Veteran
527073,Shawanda,Lee,9103826584,shawandaalee71@gmail.com,,NC,Veteran
538090,Rivers,Mills,7042017310,riversmills48@gmail.com,,NC,Veteran
829993,Dennis,Van Randall,9194357342,dmvanrandall@yahoo.com,,NC,Veteran
830724,Joseph,Clements,7323576417,jclements@sdigs.com,,NC,Veteran
853112,Sarah,,+19102735132,Sarahmcmillan271@gmail.com2018,SAINT PAULS,NC,Veteran
836923,Nicia,Strickland,9102259028,stricklandnicia567@gmail.com,,NC,Veteran
608787,Dennis,Neill,2527739099,Wisdomwood1@gmail.com,,NC,Veteran
859574,John,Strahin,9045348870,jstrahin@flsigns.com,,NC,Veteran
859434,Richard,Stauffer,5402909922,designfloral26@gmail.com,,NC,Veteran
608503,`cnarles,hemperley,7048560855,cwhbch@outlook.com,,NC,Veteran
614726,Shawn,Cadden,9703616090,shawncadden@gmail.com,,NC,Veteran
859471,George,Newport,9192761222,gwnewport3@yahoo.com,,NC,Veteran
813606,BillieJean,McNeely,7044660573,mcneelybj20@yahoo.com,,NC,Veteran
538179,william hubert,"queen, jr",8282980061,wilhelmq102@gmal.com,,NC,Veteran
859347,Cathy,Hunt,7046217792,Huntblnd@aol.com,,NC,Veteran
640571,Brad,Mize,7043452371,bradmize@gmail.com,,NC,Veteran
597328,Jim,Smith,828713776,jim@uneek-ink.com,,NC,Veteran
534769,Steve,Gunnell,3364731482,scgunnell0605@gmail.com,,NC,Veteran
624344,Avis,Sewell,3368179123,avismsewell@gmail.com,,NC,Veteran
541860,Evelyn,Moore,3365030178,evelynmoore104@gmail.com,,NC,Veteran
539597,Maybe,Iidid,8287474351,mhoskins669@gmail.com,,NC,Veteran
622656,lisa,orvin,8287486267,lisaorvin@yahoo.com,,NC,Veteran
826738,John,Vida,9104093324,jvida060@gmail.com,Black Mountain,NC,Veteran
534917,John,Crowder,9197959089,crowdersrus@gmail.com,,NC,Veteran
534766,Chad,Fox,8282448685,foxchad21@gmail.com,,NC,Veteran
563096,Frank L,Sullivan Sr,2527236759,mecisco01@hotmail.com,,NC,Veteran
534866,James,Hicks,8282879735,Jamesgh51@gmail.com,,NC,Veteran
534914,Sara,Gaddy,7046902216,nanaofpenelopeleo1923@gmail.com,,NC,Veteran
637449,Dennis,Medina,9196416420,Sandstorm405@yahoo.com,,NC,Veteran
635506,Michelle,Adkins,9196121646,meadmich@aol.com,,NC,Veteran
635195,Roger,Davis,9192702460,davrgr735@aol.com,,NC,Veteran
851888,Willie Earl,Davis,7578187340,williedavis1954@gmail.com,,NC,Veteran
534966,Howie,White,3366082921,hwclearmypane@gmail.com,,NC,Veteran
815460,Charles,Geter,9803670790,charlesgeter101@gmail.com,,NC,Veteran
619392,dennis,Fleck,5599755960,dennisfleck55@yahoo.com,,NC,Veteran
555152,Roderick,Davis,7042992532,rodrockdavis@icloud.com,,NC,Veteran
571853,Tyrone,Hatchett,+13362518176,tyronehatchett55@yahoo.com,Winston Salem,NC,Veteran
658372,Kevin,Wilmot,2529475570,wilmotkevin@gmail.com,,NC,Veteran
654813,Ricky,Davis,7042444684,davis5539@aol.com,,NC,Veteran
568436,Deloris,M Miller,7049633811,delorism002@gmail.com,,NC,Veteran
693924,Kenneth,Sahl,2622244668,kensahl5391@gmail.com,,NC,Veteran
621044,Stanley,Holden,8287342314,stan@stanholden.comPepper,,NC,Veteran
535188,Emmy,Isbell,2523157158,emeloo@aol.com,,NC,Veteran
753112,Robin,Brodie,9194306156,1546stjohnpl@gmail.com,,NC,Veteran
753116,Alan,McMillan,5016585435,admac45@gmail.com,,NC,Veteran
753117,Donald,Trull,7046998914,thespyderbyte@windstream.net,,NC,Veteran
620176,Virginia,Smith,2522696643,womanofvirtue50@yahoo.com,,NC,Veteran
535227,johnathan,moore,9107288530,jonboy2306@gmail.com,,NC,Veteran
753109,linwood harris,linwood harris,2524141754,linwoodharris49@gmail.com,,NC,Veteran
753121,Brandon,Bradshaw,9194229911,send2bkb@gmail.com,,NC,Veteran
539983,Steve,Mott,8282061422,AMODELMAN@GMAIL.COM,,NC,Veteran
555316,Arthur,Rockwell,8285821574,artrockwell46@gmail.com,,NC,Veteran
557197,dvaod,rollsin,3045454812,davidrorllins@aol.com,,NC,Veteran
753115,Reginald,Comer,3369537467,reggiecomer7@gmail.com,,NC,Veteran
535184,Kay,Evans,2527223812,kayevansclubb@gmail.com,,NC,Veteran
535167,Ken,Boren,9109143690,Kboren54@gmail.com,,NC,Veteran
560281,Ronald,Demas,7042363425,rcd0127@aol.com,,NC,Veteran
658044,James,Simmons,9194224938,vermik514@gmail.com,,NC,Veteran
551727,Michael,McRoberts,9198695206,mjmcroberts@ymail.com,,NC,Veteran
565376,DC,Edwardd,3364069456,deboapple@icloud.com,,NC,Veteran
621644,Dean,Crow,9299463908,jdcrow3012@gmail.com,,NC,Veteran
552320,Brian,Hassett,4102714597,bdh802@gmail.com,,NC,Veteran
552201,Charlie,Whaley,3369715711,charliewhaley@hotmail.com,,NC,Veteran
566290,john,stelmach,7044080343,jastelmach46@att.net,,NC,Veteran
538042,Chuck,McCanless,3363123086,txpesg86@gmail.com,,NC,Veteran
576132,Edwina,Clarkson,+19107030057,edwinafc57@gmail.cim,Fayetteville,NC,Veteran
577288,Colvin,Yearwood,+19109167861,colvin39@gmail.com,Raeford,NC,Veteran
813981,Charles E,Baldwin,9196987194,mrichb@aol.com,,NC,Veteran
582205,arique,Dross,+17067187241,ariquedross@icloud.com,,NC,Veteran
576115,James,Zastovnik,+17173770352,jamesszastovnik@gmail.com,Southport,NC,Veteran
572690,Jerry,'Massey,+19105745293,masseylawncare@yahoo.com,Erwin,NC,Veteran
627074,Dondrell,Lee,9802028991,dondrelllee7@gmail.com,,NC,Veteran
572770,Fred,Clavey,+18282007221,fadc3iii@gmail.com,Franklin,NC,Veteran
535518,Chad,Taylor,8287354171,chadtaylor658@gmail.com,,NC,Veteran
564672,JOHN,CLARK JR,7049041572,clarkcwo@bellsouth.net,,NC,Veteran
632126,cathy,bullock,9196652848,cathybullockc46@gmail.com,,NC,Veteran
577431,Emanuel,Moyd,+13363358993,moydel1@gmail.com,Greensboro,NC,Veteran
638514,Derek,Williams,9103160826,dkwill127@gmail.com,,NC,Veteran
575787,Diana,Merritt,3215910863,chefdiana61@yahoo.com,Otto,NC,Veteran
586400,Mark,duncan,6848483565,mduncan0826@gmail.com,,NC,Veteran
572715,David,Griffith,+17242561317,griffithdavid580@gmail.com,Morganton,NC,Veteran
814103,Rex,Booth,9197304891,azalea2462@aol.com,,NC,Veteran
586133,Benjamin,Joyner,+12528862639,emdeezkerbo1eia3p@hotmail.com,Rocky Mount,NC,Veteran
596053,jon,garing,3363669700,jon.garing@gmail.com,,NC,Veteran
556955,Judy,Aycoth,7046410633,luvjudy0515@gmail.com,,NC,Veteran
629322,James,Logan,9108187763,jameschad1945@gmail.com,,NC,Veteran
626106,Michael,Gallagher,9197238487,bravo13ods@gmail.com,,NC,Veteran
577237,Sidney,Epps,+19107052041,sidepps6319@gmail.com,Fayetteville,NC,Veteran
575100,Melvin,Hutt,+19107486399,melvinhutt@gmail.com,Fayetteville,NC,Veteran
639655,Sue,Baynes,7574931163,suefbaynes@yahoo.com,,NC,Veteran
582249,john,anselmo,+17046359956,jhnaslm@aol.com,Charlotte,NC,Veteran
572737,claude wayne,Greene,+17046927781,greenewayne1@gmail.com,Shelby,NC,Veteran
553325,Tammy,Melzac,4232687760,tmelzacnurse@gmail.com,,NC,Veteran
656953,Preston,Moore,3367405605,moorepreston123@gmail.com,,NC,Veteran
581845,Virginia,Toland,+19102038402,virginiaanntoland@gmail.com,,NC,Veteran
557172,debra,ermer,7044817719,Galloermer990@gmail.com,,NC,Veteran
575917,Brandon,Bradshaw,+19194229911,Big_Daddy_B_24@yahoo.com,Raleigh,NC,Veteran
572868,Dennis,Johnson,+19196486973,dennis3088@yahoo.com,La Grange,NC,Veteran
549794,Charles,Eury,9196918629,eury440@yahoo.com,,NC,Veteran
572853,Virginia,Hacker,+19196719606,ginnymhacker45@yahoo.com,Zebulon,NC,Veteran
660281,Louis,Hargraove,9108582308,lharg1220@gmail.com,,NC,Veteran
853104,Mitchell,Bostic,8286392261,bostic.mitch@gmail.com,,NC,Veteran
631294,Albert,Scales,2023391142,alscales220@yahoo.com,,NC,Veteran
572064,Todd,Scarborough,+15709167247,tntscarby1@gmail.com,Sanford,NC,Veteran
572860,Randy,Turnmire,+19802414529,rturnmire50@gmail.com,Lincolnton,NC,Veteran
575116,Larry,Crowder,+19194955158,crowderlarry40@gmail.com,Louisburg,NC,Veteran
577271,Thomas,King,+19842882331,thomasking226@gmail.com,Wise,NC,Veteran
536053,Patricia,Foley,9102854970,pat@docedinc.com,,NC,Veteran
576308,Martha,Webb,3369556035,webbmartha51@gmail.com,Wilkesboro,NC,Veteran
622383,amy,stephens,3368012031,amytimothymiller4@gmail.com,,NC,Veteran
556939,timothy,lynch,3364699558,timlynch6195@gmail.com,,NC,Veteran
555468,Daryl,Carliles,2522042810,daryray552@gmail.com,,NC,Veteran
824813,Aaron,Hampton,7048261980,aaronhampton056@gmail.com,,NC,Veteran
536320,Hubert,Hilton,3049951788,hiltonhubert@yahoo.com,,NC,Veteran
657679,Leslie,Rice,8287020218,darrylrice51@gmail.com,,NC,Veteran
619362,Margaret,Gulyas,9103893471,pgulyas@hotmail.com,,NC,Veteran
660516,Albert,Young,9199207316,ayoungjr@nc.rr.com,,NC,Veteran
586073,Liria,Hawad,+19196099830,libramart11@yahoo.com,Sanford,NC,Veteran
592619,Gilbert,Williams,3364914398,gilrh17@gmail.com,,NC,Veteran
622349,Rick,Wingate,7044568129,wingr47@yahoo.com,,NC,Veteran
754666,Henry,Murchison,9193526803,murck60@gmail.com,,NC,Veteran
580595,Samuel  K,Battle,2523821357,samuelkbattle53@hotmail.com,,NC,Veteran
536619,Jacqueline,Battle,2523005552,battlegirls10755@gmail.com,,NC,Veteran
695903,Harry,Adams,6099926231,logan1606@aol.com,,NC,Veteran
754933,Frank,Unversaw,2523495387,Jsdshop9@gmail.com,,NC,Veteran
580570,ruchard,parmley,6463913457,rparmley@att.net,,NC,Veteran
754908,Larry,Kearney,2522042482,larrydkearney369@gmail.com,,NC,Veteran
754898,Norman,Henry,2526389963,holyspirit4@yahoo.com,,NC,Veteran
832884,Timothy,Thomas,9198272508,tim3460@gmail.com,,NC,Veteran
536567,Jay,Moore,9002984313,churchboi2.0@gmail.com,,NC,Veteran
754987,Johnnie,Richardson Jr.,7044080319,jrichardson82@bellsouth.net,,NC,Veteran
577401,Dave,Cronk,+19894644334,cronkdave6@gmail.com,Cary,NC,Veteran
754662,Donald,Frick,2259360022,frickdr@gmail.com,,NC,Veteran
754952,Chris,Kaphers,5074027193,crkaph@gmail.com,,NC,Veteran
754663,James,Bennett,7042235847,wes28002@gmail.com,,NC,Veteran
754954,Juliet,Harris-Spivey,9198256505,spiveyjuliet@gmail.com,,NC,Veteran
754993,David,Willis,2524741107,dwill5214@gmail.com,,NC,Veteran
754892,Lawrence,Williams,9842549701,lbwilliam909@gmail.com,,NC,Veteran
576977,Walter,Howell,+19108186534,walterhowell6021@gmail.com,Fayetteville,NC,Veteran
754970,Franklin,Michael,7042012862,franklinmichael962@gmail.com,,NC,Veteran
586509,rocio,bustamante,+19198696174,ticatracha@gmail.com,Durham,NC,Veteran
754971,Tom,Sellers,7049369249,watertight4@icloud.com,,NC,Veteran
636415,Howard,Price,8659635953,aprice1947@icloud.com,,NC,Veteran
754964,Jeff,Thrift,7049358366,jeffthrift7@gmail.com,,NC,Veteran
754969,Martha Wilson,McLean,8287287946,mjmclean60@hotmail.com,,NC,Veteran
616243,Diane,Willis,2523412250,diane66@suddenlinkmail.com,,NC,Veteran
619456,Cassandra,Wilson,2407157413,cwilso59@gmail.com,,NC,Veteran
638510,Harlan,Sexton,3369538262,hsexton76@gmail.com,,NC,Veteran
638459,Rajah,Sams,9106105880,rajahsams43@gmail.com,,NC,Veteran
827797,Louis,Carlton,9192900765,lcarlton@embarqmail.com,,NC,Veteran
817301,elma f,pone- fulmer,9154221247,timothyfulmer@intrstar.net,,NC,Veteran
662310,angelic,Edwards,2099266127,masterqueengproductions@gmail.com,,NC,Veteran
625115,Bobby,Woodall,9103663645,woodallb61@gmail.com,,NC,Veteran
596320,Chris,Sidney,3365145777,casidney75@yahoo.com,,NC,Veteran
818420,paul,dekine,9106176627,paul5878@ymail.com,,NC,Veteran
593570,jimmy,mack,3363032552,coachmack1101@gmail.com,,NC,Veteran
680820,Roosevelt,Brooks,3365755598,Ro7brooks@gmail.com,,NC,Veteran
678976,Craig,Barkley,9106763315,barkleycraig1@gmail.com,,NC,Veteran
643823,Arthur,Best,8282790662,arthurbest241@gmail.com,,NC,Veteran
685217,Ron& Mary Ann,Elkins,3366139030,matmaggie@embarqmail.com,,NC,Veteran
654514,Rayford,Ellison,2526379029,ellisonx4@suddenlink.net,,NC,Veteran
595323,Harold,Soule,9102718036,haroldsoule8@gmail.com,,NC,Veteran
643109,Steven,Tresino,5852977641,sptcorfu39@yahoo.com,,NC,Veteran
748480,Bill,Whitehurst,7048917200,Whitehurst_w@yahoo.com,,NC,Veteran
616320,Lindsay,Britt,2523694519,usmc.brittld76@gmail.com,,NC,Veteran
615874,Paul,Stillman,9193891087,pauley980@gmail.comp,,NC,Veteran
748591,christopher,Cook,3047312722,scott.cook@mountbethelbaptist.com,,NC,Veteran
748526,Lisa,Cockerham,3367679038,lisanc54@gmail.com,,NC,Veteran
741579,Wadell,Goodman,9103020192,wadellgoodman@yahoo.com,,NC,Veteran
748530,Mike,Spence,9199225799,michaelspence1313@yahoo.com,,NC,Veteran
742493,Lorenzo,Odoms,7049749244,lorenzoodoms4@gmail.com,,NC,Veteran
741895,Joseph,Ferguson,9104945524,jegmferguson@outlook.com,,NC,Veteran
748589,Robert,Minton,2523336259,robertminton16@gmail.com,,NC,Veteran
743671,Bob,Averill,3364206403,averobert@gmail.com,,NC,Veteran
746494,Van,Robbins,9199021790,vanrobbinsjr4@gmail.com,,NC,Veteran
748603,Jennine,Kearney-LeDuc,5188137653,julietkilo79@yahoo.com,,NC,Veteran
743514,Norris L Gullick,Jr.,3369546193,gullicknl46@gmail.com,,NC,Veteran
742675,Sharon,Reynolds,2522699240,tbrown5404@gmail.com,,NC,Veteran
742662,Carolee,Noren,7723328868,norencarol1@gmail.com,,NC,Veteran
742672,Robert,Rospendowski,9195864592,Nanticoke73@gmail.com,,NC,Veteran
742787,Gene,Ruyle,7705451962,generuyle@gmail.com,,NC,Veteran
743579,Richard G.,Jackson,9195009997,rgjackson70@gmail.com,,NC,Veteran
742751,Lola,Ledford,8285084123,ledfordlola7@gmail.com,,NC,Veteran
742761,Dee,Thibodeaux,7042497281,dthibs10@yahoo.com,,NC,Veteran
743584,Ron,Boose,3368651670,ddboose1959@gmail.com,,NC,Veteran
742779,Bruce,Miller,9198958286,websterrx7@gmail.com,,NC,Veteran
743755,John,Brock,9104906766,brocklee160@gmail.com,,NC,Veteran
743702,Mary,Miller,2106013654,Mbsquare80@hotmail.com,,NC,Veteran
742686,Fernando,Arrufat,9103917181,farrufat@aol.com,,NC,Veteran
743767,paul keirh,Chastain,9106246142,redsnappernc8@gmail.com,,NC,Veteran
743731,Linda,Allen,9108147351,grannyallenlinda47@gmail.com,,NC,Veteran
748596,Kristy,Huffman,7048421679,huffmankristy13@gmail.com,,NC,Veteran
743768,Marilyn,Cox,8286915139,marilynedneycox1956@gmail.com,,NC,Veteran
748673,Joseph,Merrifield,9192281202,joe.merrifield@gmail.com,,NC,Veteran
748686,Diane,Sawyer,2525623047,dianesawyer55@gmail.com,,NC,Veteran
748677,Leonard,Olmsead,9109350609,meatman73064@gmail.com,,NC,Veteran
748558,Maury A.,Williams,7046891394,mauryawilliams@yahoo.com,,NC,Veteran
748674,Janice,Dinse,7048533030,jan7201947@att.net,,NC,Veteran
595342,Laura,Trent,8289803693,laura.trent.dvm.mph@gmail.com,,NC,Veteran
750999,Terri,Michaux,4107079173,michaux724@gmail.com,,NC,Veteran
747902,Paul,Edgerton,2284245469,xpedge357@msn.com,,NC,Veteran
748270,Deborah,Wood,3362543546,wood-tooth@msn.com,,NC,Veteran
758921,Sandra,Gaskins,7035657579,sfhillmoore@yahoo.com,,NC,Veteran
748325,Peter,Eimer,8286121919,pbeimer2@cloud.com,,NC,Veteran
747863,Latoya,Ivey,9106105090,latoyavivey@gmail.com,,NC,Veteran
747904,Milton,Hunter,7046142530,mjhunter55@gmail.com,,NC,Veteran
748104,Randy,Sutton,9107971510,Dorsutton@netzero.com,,NC,Veteran
748202,monique,Burton,8287950452,monique.burton5767@gmail.com,,NC,Veteran
748078,Nikki,Lemus,8283794577,nikkilemus877@gmail.com,,NC,Veteran
749254,William,Scott,9106649186,bigred8294@gmail.com,,NC,Veteran
747709,Sheryl,Joshua,3366463471,secjoshua@gmail.com,,NC,Veteran
747914,William,Clark,9199026873,saintthomasx1158@gmail.com,,NC,Veteran
747760,Catherine,Stinson,8392822170,quailhollowpar4@gmail.com,,NC,Veteran
749362,James,Thomas,2527674077,thomasjjtjt763@gmail.com,,NC,Veteran
749200,Edmond,Hoskins,2526192489,jimmyhoskins245@gmail.com,,NC,Veteran
748050,David,Fleming,7044622767,dbrenda220@yahoo.com,,NC,Veteran
748083,John,Weeks,8286482777,weeks777@att.net,,NC,Veteran
748326,Jacqueline,Hickey,7042005675,blacklion888@yahoo.com,,NC,Veteran
749363,Nickie,Cranford,3365363151,stanleynickie@yahoo.com,,NC,Veteran
747856,Vitorio,Wilkinson,4845744793,vgcw77@gmail.com,,NC,Veteran
758974,Hugh,Walker,3365160137,Whugh6767@gmail.com,,NC,Veteran
759013,Bambi,Hayward,9109166346,bambi.hayward@yahoo.com,,NC,Veteran
759002,Christian,Ramirez,2523645860,lararamirechristian@gmail.com,,NC,Veteran
804222,Max,Burton,3363121234,aclassicnu@earthlink.net,,NC,Veteran
648224,Virginia,Bowling,9197219502,virginiabowling96@gmail.com,,NC,Veteran
804308,Douglas,Campbell,9108827070,gracebaptis1127@yahoo.com,,NC,Veteran
749899,Madeline,Stolk,9105818969,Madeline.Stolk@yahoo.com,,NC,Veteran
749864,Marjorie,English,9103181017,mle1950@myyahoo.com,,NC,Veteran
758756,Willie,Dingle,9105141990,dingleddogg41@gmail.com,,NC,Veteran
751050,Henry,Miehle,9103224385,smiehle@spectrum.net,,NC,Veteran
689651,Tyani,Cordeiro,9192734623,jaytyani@hotmail.com,,NC,Veteran
751027,Jeff,King,7048247157,Jking71009@icloud.com,,NC,Veteran
758926,Howard,Alston,3363270489,1044atlast@gmail.com,,NC,Veteran
758920,Brenda,Payne,3367553065,brenda.payne18@yahoo.com,,NC,Veteran
750790,Patrick,Sadler,7049643374,sadler1964@yahoo.com,,NC,Veteran
823330,Mark,Keith,9199649198,rorobertpq@gmail.com,,NC,Veteran
815225,Janet,Kresge,7048778897,kmartsocca@gmail.com,,NC,Veteran
758613,Edward,Messing,9193680121,ejmessing47@gmail.com,,NC,Veteran
804470,Terri,Michaux,4107079173,michaux724@gmail.com,,NC,Veteran
804498,Jeff,King,7048247157,Jking71009@icloud.com,,NC,Veteran
758441,Sharon,Reitzel,8282388232,sharonreitzel55@gmail.com,,NC,Veteran
581748,melivn,maxwell,9805653555,eugenemaxwell59@gmail.com,Salisbury,NC,Veteran
689648,Jim,Barnett,3366698557,hazmat618@gmail.com,,NC,Veteran
804264,Patrick,Sadler,7049643374,sadler1964@yahoo.com,,NC,Veteran
758806,Jessica,Garner,2524063565,jpgarner0786@gmail.com,,NC,Veteran
758377,Nomie,Whitmer,9104940268,nomiewhitmer@gmail.com,,NC,Veteran
676249,Crystal,Wood,3364258487,glasstwig@msn.com,,NC,Veteran
759798,Faye,Hall,9109907810,fayefall0607@gmail.com,,NC,Veteran
678620,Thomas,Lewis,9102143620,Hawaiishippingman@yahoo.com,,NC,Veteran
679203,Dave,Laflamme,9109955541,Laflamme.david@yahoo.com,,NC,Veteran
763354,David,Dozier,9103334149,bond789t@gmail.com,,NC,Veteran
679747,Tracy,Kinder,3366483431,travelrntg@gmail.com,,NC,Veteran
763171,Gregory,Williams,3364333031,gawarnaz11@gmail.com,,NC,Veteran
679840,Teresa,Wall,7046708105,wallteresa26@gmail.com,,NC,Veteran
678567,Leroy,Austin Jr,9102849000,laustinjr117@aol.com,,NC,Veteran
834871,Daniel,Taylor,7088288620,dctaylor313@gmail.com,,NC,Veteran
679690,Lillie,Hyman,2529339300,lpeele30@yahoo.com,,NC,Veteran
680341,Louis,Cantrell,8286973785,jplc2@yahoo.com,,NC,Veteran
595575,Lola,Green,9193331622,lolagreen@gmail.com,,NC,Veteran
762988,CLEAVE,CARR JR,9082953057,EVE2456@GMAIL.COM,,NC,Veteran
680749,Larry,williams,7042944782,williamscarol454@gmail.com,,NC,Veteran
631287,Theresa,Osterman,9192745049,tarheelinnavy@aol.com,,NC,Veteran
853246,Eric,Means,8286966005,ericmeans65@gmail.com,,NC,Veteran
834639,Richard,Wright,8434156552,rbhwroberto1@gmail.com,,NC,Veteran
845102,Jalisa,Lynch,2528222364,lynchjalisa@yahoo.com,,NC,Veteran
880106,Frederick,Guertin,7573192818,italy.6955@yahoo.com,,NC,Veteran
850228,Douglas,Allen,2527149005,patanddougallen@gmail.com,,NC,Veteran
834382,Bryan,Lancaster,9197741597,debralancaster1968@gmail.com,,NC,Veteran
851067,Posey,Snead,8048241593,p.snead@cox.net,,NC,Veteran
853958,Robert,Clare,9199307509,rmclare66@gmail.com,,NC,Veteran
854146,jack,anderson,9103339505,gusanderson3241@gmail.com,,NC,Veteran
868829,James,Davis,7036083842,jim@webcubicle.com,,NC,Veteran
828273,Michael L.,Miller,9192003883,MichaelLMiller@teleworm.us,,NC,Veteran
859212,Rick,Corey,2529162862,rickie_corey@yahoo.com,,NC,Veteran
913485,Seva,Raskin,2527733106,sevaraskin1@gmail.com,,NC,Veteran
832563,Arthur,Brown,5614009238,abrown031879@gmail.com,,NC,Veteran
842230,Kay,Redditt,7048074479,kredditt60@gmail.com,,NC,Veteran
832764,Yocelin,Aleman,9194082558,yocelin.alemann@gmail.com,,NC,Veteran
865455,Lamar,Pender,9848002235,lamar13scv@gmail.com,,NC,Veteran
829723,Stacie,Mazalic,8288033667,smazalic44@gmail.com,,NC,Veteran
911261,Your Fav,Redneck,7272945521,sethcafaro747@gmail.com,,NC,Veteran
911283,Lesly,Errie,252375251,errielesly551@gmail.com,,NC,Veteran
913817,Clarence,Strickland,3909638,willbill09@nc.rr.com,,NC,Veteran
913610,Roger,Toler,2522992923,jhummer51@hotmail.com,,NC,Veteran
913623,Kathy,Smith,2524254985,kathypierce58@yahoo.com,,NC,Veteran
913825,Joy,Brown,2527174304,Joyrbrown2015@gmail.com,,NC,Veteran
913827,Robert,Wetzel,2523403248,robwet56@yahoo.com,,NC,Veteran
835441,Wesley,Byas,7046191557,wesbysr@gmail.com,,NC,Veteran
911303,Avery,Brenner,8287479941,averymills13@gmail.com,,NC,Veteran
911363,Carlton Randall,Corbett,9192238717,randycorbett91@yahoo.com,,NC,Veteran
911357,Frances,Nelson,3364209326,fnelson0525@myyahoo.com,,NC,Veteran
842436,Dan,Hagerman,9192195170,cisraleigh@yahoo.com,,NC,Veteran
841433,Susan,Murray,9102572330,s-murray-01@live.com,,NC,Veteran
853915,Debbie,Mathis,9104017155,debbiemathis809@gmail.com,,NC,Veteran
851847,Lowell,Bridges,9102587066,lcbduke@yahoo.com,,NC,Veteran
852966,Karen,Reeves,8638129376,karenreeves858@yahoo.com,,NC,Veteran
819782,Michael,Squires,9842944283,mikesquires1967@gmail.com,,NC,Veteran
825137,Robert,Merrill,8284587588,merrillrobert@gmail.com,,NC,Veteran
841334,David,Miller,7045277504,dmiller2036@att.net,,NC,Veteran
841061,Randolph,Ray,9412860399,rayrandolph7@gmail.com,,NC,Veteran
828875,William,Hancock,9107057694,williamdhancock527@gmail.com,,NC,Veteran
823910,Renae,Osborne,7046893553,renaechao@gmail.com,,NC,Veteran
824140,Marlene,Smith,7048137707,mstodamgood5@gmail.com,,NC,Veteran
824230,Sean,Flynn,7045646376,sflynnlife@gmail.com,,NC,Veteran
842615,Jerome,Howe,2527252138,jhowe@ec.rr.com,,NC,Veteran
829277,Raveena,Boler,7049415089,rsboler@yahoo.com,,NC,Veteran
848060,Phyllis,Kelly,8044816606,pkelly121@comcast.net,,NC,Veteran
844530,Denice Caudle,Holderfield,3365750407,denice.holderfield@gmail.com,,NC,Veteran
824248,Clifton,Holley,3365152274,cliffholley76@gmail.com,,NC,Veteran
830158,rob,Barnes,2525671095,patbarnes63@gmail.com,,NC,Veteran
830026,Sharon,Greene,3369409139,sharonjean40@yahoo.com,,NC,Veteran
911389,richard,perry,9196336416,rperry7376@gmail.com,,NC,Veteran
911417,Patricia,Barr,8392132582,barrpatricia74@gmail.com,,NC,Veteran
862534,John,Chambers,9195964088,chamberslsj@yahoo.com,,NC,Veteran
411932,William,Whitley,9102061032,whitleywill1956@gmail.com,Rockingham,NC,Veteran
913870,Mary,norman,7045620609,Mnorman607@yahoo.com,,NC,Veteran
862576,Anthony,Bowman,7063133669,stephembowman@yahoo.com,,NC,Veteran
911448,Daniel,Kapcoe,2525089820,danielkapcoe92@gmail.com,,NC,Veteran
850054,Diane,Lee,3364209773,leeshonda84@gmail.com,,NC,Veteran
843434,Archie,Spruill,9842229556,archiemanning26@gmail.com,,NC,Veteran
913710,jean,Gurley,7016222635,jgurley234jack@gmail.com,,NC,Veteran
913907,Ernest,,+12529071904,ernestreaves8@gmail.com,,NC,Veteran
913713,Angela Hutchins,Bradshaw,5402009689,peytonbrookehugh@gmail.com,,NC,Veteran
865278,Matteo,Bataba,7432409884,batabaraissa@gmail.com,,NC,Veteran
911550,Warren,Bowen,9843352845,warrenbowen@gmail.com,,NC,Veteran
913724,Donella,Herring,9803203550,donella.herringama@icloud.com,,NC,Veteran
913936,gary,,+14102588227,Garyb8121@gmail.com,,NC,Veteran
913727,Patricia,Tolentino,7274091760,pattolentino47@gmail.com,,NC,Veteran
913733,Virginia E,King,9194357257,Ladyjplus3@aol.com,,NC,Veteran
911591,Crawford Ray,Funeral Home,8286483535,crawfordray@charter.net,,NC,Veteran